1,2,2,2,2
2,2,2,2,2
3,2,2,2,2
4,2,2,2,2
5,2,2,2,2
6,2,2,2,2
7,2,2,2,2
8,2,2,2,2
9,2,2,2,2
10,3,2,3,2
11,3,2,3,2
12,4,2,4,2
13,4,2,4,2
14,4,2,4,2
15,4,2,4,2
16,4,2,4,2
17,4,2,4,2
18,4,2,4,2
19,5,2,5,2
20,5,2,5,2
21,6,2,6,2
22,8,2,6,2
23,8,2,6,2
24,9,2,7,2
25,9,2,7,2
26,9,2,7,3
27,9,2,7,3
28,9,2,7,3
29,9,2,7,3
30,11,2,7,3
31,11,2,7,3
32,12,2,8,3
33,12,2,8,3
34,12,2,8,3
35,12,2,8,3
36,13,2,9,3
37,13,2,9,3
38,13,2,9,3
39,13,2,9,3
40,13,2,9,3
41,13,2,9,3
42,14,2,9,3
43,14,2,10,4
44,14,2,10,4
45,14,2,11,4
46,14,2,11,4
47,15,2,11,4
48,16,2,11,4
49,16,2,11,4
50,16,2,11,4
51,17,2,11,4
52,18,2,12,4
53,18,2,12,4
54,19,2,12,4
55,19,2,12,4
56,19,2,12,4
57,19,2,12,4
58,19,2,12,4
59,19,2,12,4
60,20,2,12,4
61,20,2,12,5
62,21,2,12,5
63,21,2,12,5
64,21,2,12,5
65,21,2,13,5
66,21,2,14,5
67,21,2,15,5
68,21,2,15,5
69,21,2,15,5
70,23,2,15,5
71,23,2,15,5
72,24,2,15,6
73,24,2,16,6
74,24,2,16,6
75,24,2,16,6
76,24,2,16,6
77,24,2,16,6
78,24,2,16,6
79,24,2,16,6
80,24,2,16,6
81,24,2,16,6
82,24,2,16,6
83,24,2,16,6
84,24,2,16,6
85,24,2,16,6
86,24,2,16,6
87,24,2,16,6
88,24,2,16,6
89,24,2,16,6
90,24,2,16,6
91,24,2,16,6
92,24,2,16,6
93,24,2,16,6
94,24,2,16,6
95,24,2,16,6
96,24,2,16,6
97,24,2,16,7
98,24,2,16,7
99,24,2,16,7
100,24,2,16,7
1,2,2,2,2
2,2,2,2,2
3,2,2,2,2
4,3,3,4,2
5,3,5,6,2
6,3,6,7,2
7,3,6,7,2
8,3,6,9,2
9,3,6,9,2
10,3,7,9,2
11,4,7,10,3
12,4,7,11,3
13,4,7,11,3
14,4,7,13,3
15,4,7,15,3
16,4,7,15,3
17,4,7,16,3
18,4,7,18,4
19,4,8,20,5
20,4,9,21,5
21,4,9,23,5
22,4,11,24,5
23,4,11,26,5
24,4,11,28,5
25,4,11,30,5
26,4,11,31,7
27,5,11,31,7
28,5,12,33,7
29,5,13,34,8
30,6,13,34,8
31,6,14,35,8
32,6,14,36,8
33,7,14,36,9
34,7,14,37,9
35,7,14,38,9
36,8,15,38,9
37,8,15,39,9
38,8,15,41,9
39,10,15,41,9
40,12,15,42,9
41,12,15,42,11
42,12,15,44,11
43,12,15,44,11
44,12,16,44,12
45,12,17,46,13
46,12,17,46,13
47,12,17,47,14
48,12,18,47,14
49,13,18,47,14
50,13,18,48,14
51,13,19,49,14
52,13,20,49,14
53,13,20,49,14
54,14,20,50,14
55,14,20,50,14
56,14,20,50,14
57,14,20,50,14
58,14,20,50,14
59,14,20,50,14
60,14,21,50,15
61,14,22,50,15
62,14,23,50,15
63,14,23,50,15
64,14,23,50,15
65,14,23,51,15
66,14,24,53,15
67,14,24,54,15
68,14,24,54,15
69,14,24,55,15
70,14,24,55,15
71,14,25,55,16
72,14,26,55,16
73,14,26,55,16
74,14,26,55,16
75,14,26,55,17
76,14,26,55,17
77,14,26,55,17
78,14,26,55,17
79,14,26,55,17
80,14,26,55,17
81,14,26,55,17
82,14,28,55,17
83,15,29,55,17
84,15,29,55,17
85,15,30,55,17
86,15,31,56,17
87,15,31,56,17
88,15,32,56,18
89,15,33,56,18
90,15,33,56,18
91,15,34,56,18
92,15,34,56,18
93,15,34,56,18
94,15,34,56,18
95,15,36,56,18
96,15,36,56,18
97,15,36,57,18
98,15,36,58,18
99,15,36,58,19
100,15,36,58,19
1,2,2,2,2
2,2,2,2,2
3,2,2,2,2
4,2,2,3,2
5,2,2,4,2
6,3,2,4,2
7,4,2,4,2
8,4,2,5,2
9,4,2,6,2
10,4,2,6,2
11,4,3,8,2
12,4,3,10,2
13,4,4,12,2
14,4,4,14,2
15,4,4,14,2
16,4,4,14,2
17,4,4,15,2
18,4,5,16,2
19,4,6,18,2
20,4,6,19,2
21,4,6,20,2
22,4,6,21,2
23,5,6,22,2
24,5,6,23,2
25,5,6,25,2
26,5,6,26,2
27,5,6,27,2
28,6,6,27,2
29,6,6,28,2
30,7,7,30,2
31,7,7,31,2
32,7,7,32,2
33,7,7,32,3
34,8,7,34,3
35,10,7,36,3
36,10,8,37,4
37,10,8,38,4
38,10,9,39,4
39,11,11,40,4
40,11,11,42,5
41,11,11,43,5
42,11,11,45,5
43,11,11,45,5
44,12,11,45,5
45,12,11,45,5
46,12,11,45,5
47,12,11,46,5
48,12,13,46,7
49,12,13,46,8
50,12,13,46,8
51,12,13,47,9
52,12,15,47,9
53,13,15,49,9
54,13,15,49,9
55,13,16,50,9
56,13,16,50,10
57,13,16,50,10
58,13,16,51,10
59,13,17,52,10
60,13,17,53,10
61,13,17,54,10
62,13,17,54,10
63,13,18,55,10
64,13,18,56,10
65,13,18,57,10
66,13,18,57,11
67,14,18,57,11
68,14,18,58,11
69,14,18,58,11
70,15,20,58,11
71,16,20,58,11
72,17,20,58,11
73,17,20,58,12
74,17,20,58,12
75,17,20,58,12
76,17,20,58,13
77,17,20,59,14
78,18,20,59,14
79,18,20,59,15
80,18,20,59,15
81,18,20,60,15
82,19,20,60,15
83,19,20,60,15
84,19,20,60,15
85,19,20,60,15
86,19,20,60,15
87,20,20,60,15
88,20,20,60,15
89,20,20,60,15
90,20,20,60,15
91,20,20,60,15
92,20,20,60,16
93,20,20,60,16
94,20,20,60,16
95,20,20,60,16
96,20,20,60,16
97,20,20,60,17
98,20,20,60,17
99,20,20,60,18
100,20,20,60,18
1,2,2,2,2
2,2,2,2,2
3,2,2,2,2
4,2,3,3,2
5,2,3,3,2
6,2,3,4,2
7,2,3,5,2
8,2,3,6,2
9,2,3,6,2
10,2,3,6,2
11,2,4,8,2
12,3,4,9,3
13,3,4,9,3
14,3,4,11,3
15,3,4,11,3
16,3,4,13,3
17,3,4,14,4
18,3,4,14,4
19,3,5,14,4
20,3,5,14,4
21,4,5,15,4
22,5,5,15,4
23,5,5,15,4
24,5,5,17,4
25,5,5,19,4
26,5,5,21,6
27,7,5,22,6
28,8,5,23,6
29,8,5,23,6
30,8,6,24,6
31,8,6,26,6
32,8,6,26,6
33,9,6,27,6
34,10,6,27,6
35,10,6,28,6
36,10,7,30,6
37,10,8,32,6
38,10,8,34,7
39,10,8,35,7
40,10,8,35,7
41,10,8,36,7
42,10,8,36,7
43,10,8,36,7
44,10,8,36,7
45,10,8,36,8
46,10,8,36,8
47,10,8,37,8
48,11,8,37,9
49,11,8,37,9
50,11,8,38,9
51,12,8,38,9
52,12,8,38,9
53,12,8,38,9
54,12,8,38,9
55,12,8,38,9
56,12,8,38,9
57,12,8,38,9
58,12,8,39,9
59,12,8,39,9
60,12,9,40,9
61,12,9,42,9
62,13,9,43,9
63,13,9,43,10
64,13,9,43,10
65,13,9,43,10
66,13,9,44,10
67,13,10,44,10
68,13,10,44,11
69,13,10,44,11
70,13,10,44,11
71,13,10,44,11
72,13,10,44,11
73,13,10,44,11
74,13,10,44,11
75,13,10,44,11
76,14,10,45,11
77,14,10,45,11
78,14,10,45,11
79,14,10,45,11
80,14,10,45,11
81,15,10,45,11
82,15,10,45,11
83,15,10,45,11
84,15,10,45,11
85,16,10,45,11
86,16,10,45,11
87,16,10,45,11
88,16,10,45,11
89,16,10,45,11
90,17,10,45,11
91,17,11,45,11
92,17,11,46,11
93,17,11,46,11
94,17,11,46,11
95,17,11,46,11
96,17,11,46,11
97,17,11,46,11
98,18,11,47,11
99,18,11,48,11
100,18,11,48,11
1,2,2,2,2
2,2,2,2,2
3,2,2,2,2
4,2,2,2,2
5,2,2,2,2
6,2,2,3,2
7,2,2,3,2
8,2,3,3,2
9,2,3,4,2
10,2,4,6,2
11,2,4,6,2
12,2,4,6,2
13,2,4,6,2
14,2,4,6,2
15,2,4,6,2
16,2,4,8,2
17,2,4,8,2
18,2,4,8,2
19,3,4,9,2
20,5,5,9,2
21,5,6,10,2
22,5,6,11,2
23,5,6,12,2
24,5,6,13,2
25,5,6,13,2
26,5,6,15,2
27,5,6,17,2
28,5,7,19,2
29,5,7,20,2
30,5,8,20,2
31,5,8,20,2
32,5,8,20,2
33,5,8,21,2
34,5,8,22,2
35,5,8,24,2
36,5,8,26,2
37,5,8,27,2
38,5,8,27,2
39,5,9,28,2
40,5,9,29,2
41,5,10,31,3
42,5,10,32,4
43,5,11,33,4
44,6,11,35,4
45,6,11,37,4
46,6,11,39,4
47,7,11,40,4
48,7,11,40,4
49,7,11,40,4
50,7,11,40,4
51,7,11,40,4
52,7,11,40,4
53,7,11,40,4
54,7,12,40,4
55,7,12,40,4
56,8,12,40,4
57,8,12,41,4
58,9,12,41,4
59,9,12,42,4
60,9,12,42,4
61,9,12,42,4
62,9,12,42,4
63,9,12,43,4
64,9,12,43,4
65,9,12,43,4
66,9,12,44,4
67,9,12,44,5
68,9,13,44,5
69,9,13,44,5
70,9,13,44,5
71,9,14,44,5
72,9,14,44,5
73,9,14,44,5
74,9,14,44,5
75,9,15,44,5
76,9,15,44,5
77,9,15,44,5
78,9,15,45,5
79,9,16,46,5
80,9,16,47,5
81,9,16,47,7
82,9,16,47,7
83,9,17,47,7
84,9,17,48,7
85,9,17,48,7
86,9,17,48,8
87,9,17,49,8
88,9,17,49,8
89,10,17,49,8
90,10,17,49,8
91,10,17,49,8
92,10,17,49,8
93,10,17,49,8
94,10,17,49,8
95,11,17,49,8
96,11,17,49,8
97,11,17,49,8
98,11,17,49,8
99,11,17,49,8
100,11,17,49,9
1,2,2,2,2
2,2,2,2,2
3,2,2,2,2
4,3,2,3,2
5,3,2,3,2
6,3,2,3,4
7,3,2,3,4
8,3,2,3,5
9,3,2,3,5
10,3,3,5,5
11,3,4,6,5
12,3,4,6,5
13,3,4,6,5
14,3,4,6,5
15,3,4,6,5
16,3,4,7,5
17,3,4,7,5
18,4,4,7,5
19,4,4,9,5
20,4,4,11,5
21,4,4,11,5
22,4,4,12,5
23,4,4,12,5
24,5,4,12,5
25,5,4,13,5
26,6,4,13,5
27,6,4,14,5
28,6,4,15,5
29,6,4,15,5
30,6,5,15,5
31,6,5,15,5
32,6,5,15,5
33,6,5,15,5
34,6,5,16,5
35,6,5,17,5
36,6,5,17,5
37,6,6,17,5
38,6,7,17,5
39,6,7,18,5
40,6,8,18,5
41,6,8,19,5
42,6,8,19,5
43,6,8,20,5
44,6,8,22,5
45,6,8,24,5
46,6,8,24,5
47,6,8,24,5
48,6,8,24,5
49,6,8,24,5
50,6,8,24,5
51,6,8,26,5
52,6,8,26,5
53,6,8,27,5
54,6,8,27,5
55,6,8,27,5
56,6,10,27,5
57,6,10,29,6
58,6,11,29,6
59,6,12,29,6
60,6,12,29,6
61,6,12,29,6
62,6,12,29,6
63,6,13,29,6
64,7,13,29,6
65,7,13,30,6
66,7,13,30,6
67,7,14,30,6
68,7,14,32,6
69,7,14,32,6
70,7,14,33,6
71,7,16,34,6
72,7,16,34,6
73,8,16,34,6
74,8,17,34,6
75,8,18,34,8
76,8,19,34,8
77,8,19,35,8
78,8,19,35,8
79,8,19,35,8
80,8,19,36,8
81,8,19,36,8
82,8,19,36,8
83,8,19,37,8
84,8,19,37,8
85,8,19,37,9
86,8,19,37,9
87,10,19,37,9
88,10,19,37,9
89,10,19,38,9
90,10,19,38,9
91,10,19,38,9
92,10,19,38,9
93,10,19,39,10
94,10,19,39,10
95,10,19,40,11
96,10,19,41,11
97,10,19,41,11
98,10,19,41,11
99,10,19,41,11
100,10,19,41,11
1,2,2,2,2
2,2,2,2,2
3,2,2,2,2
4,2,2,2,2
5,2,2,3,2
6,2,2,3,2
7,2,2,3,2
8,2,2,4,2
9,2,2,4,2
10,2,4,5,2
11,2,4,5,2
12,2,4,6,2
13,2,4,7,2
14,2,4,8,2
15,2,4,9,2
16,2,4,9,2
17,2,4,9,3
18,2,4,9,3
19,2,4,9,3
20,2,4,10,3
21,2,4,11,3
22,2,4,13,3
23,2,4,13,3
24,2,4,14,3
25,2,4,14,3
26,2,4,15,3
27,2,4,17,3
28,2,5,19,3
29,2,5,19,3
30,3,5,21,3
31,3,5,23,3
32,3,5,23,3
33,4,6,23,3
34,4,6,23,3
35,4,6,23,4
36,4,6,24,4
37,4,6,25,4
38,4,6,27,4
39,4,6,27,4
40,4,6,28,4
41,4,6,30,4
42,5,6,32,4
43,5,6,32,4
44,5,6,32,4
45,5,6,33,4
46,5,7,35,5
47,5,7,35,5
48,5,7,35,5
49,5,7,35,5
50,5,7,35,5
51,5,7,35,5
52,5,7,35,6
53,5,7,35,6
54,5,7,35,6
55,5,8,37,6
56,5,8,37,6
57,5,8,38,6
58,5,8,39,6
59,5,8,39,6
60,5,8,41,6
61,5,9,42,6
62,5,9,42,6
63,7,9,43,6
64,7,9,43,6
65,7,9,43,6
66,7,9,43,6
67,7,9,43,6
68,7,9,44,6
69,7,9,45,6
70,7,9,47,6
71,7,9,47,6
72,7,9,47,6
73,7,9,47,6
74,7,9,47,6
75,7,10,47,6
76,7,10,47,6
77,7,10,47,6
78,7,10,47,6
79,7,10,47,6
80,7,11,48,6
81,8,11,48,6
82,8,11,48,6
83,8,11,48,6
84,8,11,48,6
85,8,11,48,6
86,8,11,49,6
87,8,11,51,6
88,8,11,53,6
89,8,11,54,6
90,8,11,55,6
91,8,11,55,6
92,8,12,55,6
93,9,13,55,6
94,9,13,55,6
95,9,13,55,6
96,9,13,55,6
97,9,13,55,6
98,9,13,55,6
99,9,14,55,6
100,9,14,55,6
1,2,2,2,2
2,2,2,2,2
3,3,2,2,3
4,3,2,3,3
5,3,2,3,3
6,3,2,5,3
7,3,2,5,3
8,3,2,5,4
9,3,2,6,4
10,3,2,7,4
11,3,2,8,4
12,3,2,9,4
13,3,2,9,4
14,4,3,10,4
15,4,3,11,4
16,4,3,12,4
17,4,3,13,4
18,4,3,14,4
19,4,3,16,4
20,4,3,17,4
21,4,3,18,4
22,4,3,20,4
23,6,3,20,4
24,6,3,21,4
25,7,3,22,4
26,7,3,23,4
27,7,3,24,4
28,7,3,25,4
29,7,3,25,4
30,7,3,25,4
31,7,3,26,4
32,7,4,27,4
33,7,5,27,4
34,7,5,27,5
35,7,5,27,5
36,7,5,27,5
37,7,5,27,5
38,7,5,27,6
39,7,5,28,6
40,7,5,30,6
41,7,5,30,6
42,7,5,30,6
43,7,5,32,7
44,8,5,32,7
45,8,5,33,7
46,8,5,33,8
47,8,5,33,8
48,8,5,33,8
49,8,5,33,8
50,8,5,33,8
51,8,5,33,9
52,8,5,33,9
53,9,6,33,9
54,10,6,33,9
55,10,6,33,9
56,10,6,34,9
57,10,6,34,9
58,10,6,34,9
59,10,6,34,9
60,10,6,34,9
61,10,6,34,10
62,10,6,34,10
63,10,8,34,10
64,10,8,34,10
65,10,8,34,10
66,11,8,35,11
67,12,8,35,11
68,12,8,36,12
69,12,8,36,12
70,12,8,36,12
71,12,8,36,12
72,12,8,36,12
73,12,8,36,12
74,12,8,37,12
75,12,8,37,12
76,12,8,37,13
77,12,8,37,14
78,13,8,37,14
79,13,8,37,14
80,13,8,37,14
81,13,8,37,14
82,13,8,37,14
83,13,8,38,14
84,13,8,38,14
85,13,8,39,14
86,14,8,39,14
87,14,8,40,14
88,14,8,40,14
89,15,8,40,14
90,16,8,40,14
91,16,8,40,14
92,17,8,41,14
93,17,8,42,14
94,17,8,42,14
95,18,8,43,14
96,19,8,43,14
97,19,8,43,14
98,19,8,43,14
99,20,8,43,14
100,21,8,43,14
1,2,2,2,2
2,2,2,2,2
3,2,2,2,3
4,3,2,4,4
5,4,2,4,4
6,4,2,4,4
7,4,2,5,4
8,4,2,6,4
9,4,2,7,4
10,4,2,9,4
11,4,2,9,4
12,4,2,9,4
13,5,2,10,4
14,5,3,11,4
15,5,5,11,4
16,5,6,13,4
17,5,6,15,4
18,5,6,17,4
19,5,7,19,4
20,5,7,20,4
21,5,8,20,4
22,5,8,20,4
23,5,8,20,4
24,5,8,22,4
25,5,8,23,4
26,5,8,25,4
27,7,8,27,4
28,7,8,29,4
29,7,9,29,4
30,7,9,29,4
31,8,10,31,4
32,9,11,33,4
33,10,11,35,4
34,10,11,37,5
35,10,11,39,5
36,10,11,40,5
37,10,11,41,5
38,10,11,43,5
39,10,11,43,5
40,10,13,43,5
41,10,13,43,6
42,10,13,44,6
43,10,13,46,6
44,10,13,47,7
45,10,13,47,7
46,10,13,47,7
47,11,13,47,7
48,11,13,47,7
49,11,13,47,7
50,11,14,47,7
51,11,14,47,7
52,11,14,47,7
53,11,14,48,7
54,11,14,48,7
55,11,14,48,7
56,11,15,48,7
57,11,15,49,7
58,11,15,50,7
59,12,15,50,9
60,12,15,51,9
61,12,15,51,10
62,12,15,52,11
63,12,15,52,11
64,12,16,52,11
65,12,17,52,11
66,12,17,52,11
67,12,17,52,11
68,12,18,52,11
69,12,18,52,11
70,12,18,52,12
71,12,18,52,12
72,12,18,52,12
73,13,19,52,12
74,14,19,52,12
75,15,20,52,12
76,16,20,53,13
77,17,21,53,13
78,17,21,53,13
79,17,21,54,13
80,19,21,54,13
81,20,21,54,13
82,20,22,54,13
83,20,22,55,13
84,20,22,55,13
85,21,22,55,13
86,21,22,55,13
87,21,22,55,13
88,21,23,55,13
89,22,23,55,14
90,22,23,55,14
91,22,23,55,14
92,22,23,55,14
93,22,23,55,14
94,22,23,55,14
95,23,23,55,14
96,23,23,55,15
97,23,23,55,15
98,24,23,56,15
99,24,23,56,17
100,24,23,56,17
1,2,2,2,2
2,2,2,2,2
3,3,2,3,2
4,3,2,3,2
5,3,2,3,2
6,3,3,4,2
7,3,4,6,2
8,3,4,6,2
9,4,4,6,2
10,5,4,7,2
11,5,4,8,2
12,5,4,9,2
13,5,4,9,2
14,5,4,11,2
15,5,4,12,2
16,6,4,12,2
17,7,4,13,2
18,7,4,14,2
19,7,4,15,2
20,7,4,15,2
21,7,4,16,2
22,7,4,17,2
23,7,4,18,2
24,7,4,18,2
25,8,4,19,2
26,9,4,20,2
27,9,4,22,2
28,9,5,23,2
29,9,7,23,2
30,9,7,23,2
31,9,7,24,3
32,10,8,25,3
33,11,8,26,3
34,11,9,28,3
35,12,9,30,3
36,12,10,31,3
37,12,10,32,3
38,13,10,33,3
39,14,10,33,3
40,15,10,34,3
41,15,10,36,3
42,15,10,36,3
43,15,10,36,3
44,15,10,37,3
45,15,10,37,3
46,15,10,38,3
47,15,11,38,3
48,15,11,38,3
49,15,11,39,3
50,16,13,40,3
51,16,13,40,3
52,16,13,41,3
53,17,13,41,3
54,17,14,42,3
55,17,14,42,3
56,17,14,42,3
57,17,15,42,3
58,17,15,43,3
59,17,15,44,4
60,17,15,44,4
61,17,15,44,4
62,17,15,44,5
63,17,15,44,5
64,17,16,44,5
65,17,16,44,6
66,17,16,44,6
67,17,16,44,6
68,17,16,44,6
69,17,16,44,6
70,17,16,44,6
71,17,16,44,6
72,17,16,44,7
73,17,16,44,7
74,17,16,44,8
75,17,16,44,8
76,17,16,45,8
77,17,16,45,9
78,18,16,45,10
79,18,16,45,10
80,18,16,45,10
81,18,16,45,10
82,18,16,45,10
83,18,16,45,10
84,18,16,45,10
85,18,16,45,11
86,18,16,45,11
87,18,16,45,12
88,18,16,45,12
89,18,16,45,12
90,18,16,46,12
91,18,16,46,12
92,19,16,47,12
93,19,16,48,12
94,19,16,48,12
95,19,16,48,12
96,19,16,48,12
97,19,16,48,13
98,19,16,48,13
99,19,16,48,14
100,19,16,48,14
1,2,2,2,2
2,2,2,2,2
3,3,2,3,3
4,3,2,3,3
5,4,2,4,4
6,5,3,5,4
7,5,4,5,4
8,5,4,5,4
9,6,4,6,4
10,7,4,7,4
11,8,4,9,4
12,9,4,9,4
13,10,5,11,4
14,11,5,11,4
15,12,5,11,5
16,12,5,12,5
17,13,5,12,5
18,13,5,13,5
19,14,6,14,5
20,16,6,16,5
21,17,6,17,5
22,17,6,18,5
23,18,6,19,5
24,19,6,20,5
25,19,6,21,5
26,19,6,21,5
27,20,6,22,6
28,20,6,23,7
29,22,6,23,7
30,24,7,24,7
31,25,7,26,8
32,26,7,27,8
33,27,7,27,8
34,27,7,27,8
35,29,7,27,9
36,30,7,27,9
37,30,7,29,9
38,32,7,31,9
39,32,7,31,9
40,32,7,31,9
41,34,7,32,9
42,34,7,33,9
43,36,7,34,9
44,37,7,35,9
45,37,7,35,9
46,38,7,35,9
47,38,7,36,9
48,38,7,36,9
49,39,7,36,9
50,40,7,36,10
51,42,7,36,11
52,44,7,37,11
53,45,7,38,11
54,45,7,38,11
55,46,7,38,11
56,46,7,38,11
57,46,8,39,11
58,47,8,39,11
59,47,8,39,11
60,48,8,40,11
61,48,8,40,11
62,48,8,40,12
63,49,8,41,12
64,50,8,41,12
65,50,8,42,12
66,50,9,43,12
67,50,9,43,12
68,50,9,44,12
69,50,9,44,12
70,51,9,44,13
71,51,9,44,13
72,51,9,44,13
73,51,9,44,13
74,51,9,45,13
75,51,9,46,13
76,51,9,46,13
77,51,9,46,13
78,51,9,46,13
79,51,9,46,13
80,51,9,46,13
81,51,9,46,14
82,51,9,46,14
83,51,9,46,14
84,51,9,46,15
85,51,9,46,15
86,51,9,46,15
87,51,9,46,15
88,51,9,47,15
89,51,9,48,15
90,51,10,48,15
91,51,10,48,15
92,51,10,48,15
93,51,10,48,15
94,51,10,48,15
95,51,10,49,15
96,51,10,50,16
97,51,10,50,16
98,51,11,51,16
99,51,11,51,16
100,51,11,51,16
1,2,2,2,2
2,2,2,2,2
3,2,3,3,2
4,2,4,4,2
5,2,4,4,2
6,3,5,5,2
7,3,5,6,2
8,4,5,7,2
9,4,5,7,3
10,5,5,8,4
11,5,5,9,4
12,5,5,9,4
13,5,5,10,4
14,5,5,10,4
15,5,5,10,4
16,5,5,11,4
17,5,5,11,4
18,5,5,13,4
19,5,5,13,4
20,5,5,14,4
21,5,6,15,4
22,5,6,15,4
23,5,6,16,4
24,5,6,18,4
25,6,6,20,4
26,6,6,22,4
27,6,6,22,4
28,6,6,22,4
29,6,6,24,4
30,6,6,25,4
31,7,7,26,4
32,7,7,27,5
33,8,8,29,5
34,8,8,30,6
35,8,8,31,7
36,8,8,33,7
37,9,8,33,7
38,9,8,34,7
39,9,9,36,7
40,9,9,38,7
41,9,9,38,7
42,9,9,38,7
43,9,9,39,8
44,9,10,40,8
45,10,11,40,8
46,10,11,41,8
47,10,11,41,8
48,10,11,41,8
49,10,11,41,9
50,10,11,42,9
51,10,11,42,9
52,10,11,42,9
53,10,11,42,9
54,10,11,42,9
55,10,11,43,9
56,10,11,45,9
57,11,11,47,9
58,11,12,48,9
59,11,12,49,9
60,11,12,49,9
61,11,12,49,9
62,11,13,49,9
63,11,13,49,9
64,11,13,49,10
65,11,13,49,10
66,11,14,49,10
67,11,14,50,10
68,11,15,50,10
69,11,15,50,10
70,11,15,50,10
71,12,15,51,10
72,12,15,51,10
73,12,15,52,10
74,12,15,53,11
75,12,15,53,11
76,12,15,53,11
77,12,15,53,11
78,12,15,53,11
79,12,15,54,11
80,12,15,54,11
81,12,15,54,11
82,12,16,54,12
83,12,16,54,12
84,13,16,54,12
85,13,16,55,12
86,13,16,55,12
87,13,16,55,12
88,13,16,56,13
89,13,16,56,13
90,13,16,56,13
91,13,16,56,13
92,13,16,57,13
93,13,16,57,13
94,13,16,57,13
95,13,16,57,13
96,13,16,58,13
97,13,16,59,13
98,14,16,59,13
99,14,16,59,13
100,14,16,59,13
1,2,2,2,2
2,2,2,2,2
3,2,2,2,2
4,2,2,2,2
5,2,2,2,2
6,2,2,4,2
7,2,2,4,2
8,2,4,4,3
9,2,4,5,3
10,2,4,6,3
11,2,4,7,3
12,2,4,8,3
13,2,4,9,3
14,2,5,9,3
15,2,5,10,3
16,2,5,12,3
17,2,5,12,3
18,2,5,12,3
19,2,6,13,3
20,2,6,14,3
21,2,6,15,3
22,2,6,15,3
23,2,6,16,3
24,2,6,18,3
25,2,6,19,3
26,2,6,21,3
27,2,6,21,3
28,2,6,22,3
29,2,6,23,3
30,2,7,23,3
31,2,7,23,3
32,2,7,24,3
33,2,7,24,3
34,3,7,26,3
35,3,7,28,3
36,3,7,29,3
37,3,7,30,4
38,3,8,30,4
39,4,8,30,4
40,4,8,31,4
41,4,8,33,4
42,4,8,34,4
43,4,8,34,4
44,4,8,34,4
45,4,8,35,4
46,4,8,35,4
47,6,8,35,4
48,6,8,35,4
49,6,8,35,4
50,6,8,36,4
51,6,8,36,4
52,7,8,37,5
53,7,8,37,5
54,7,8,37,5
55,7,8,38,5
56,7,8,38,5
57,7,8,38,5
58,7,8,38,5
59,7,8,39,5
60,8,8,41,5
61,8,8,42,5
62,9,8,43,6
63,9,8,44,6
64,9,8,45,6
65,9,8,45,6
66,9,8,46,6
67,9,8,47,6
68,10,8,48,8
69,10,9,48,8
70,10,9,48,8
71,10,9,48,8
72,10,9,49,8
73,10,9,49,8
74,10,9,49,8
75,10,9,49,8
76,10,9,50,8
77,10,9,50,8
78,10,9,50,8
79,11,9,50,8
80,11,9,50,8
81,11,9,50,8
82,11,10,50,8
83,11,10,50,8
84,11,10,50,8
85,11,10,51,8
86,11,10,51,8
87,12,10,51,9
88,12,10,51,9
89,12,11,51,9
90,12,11,52,9
91,12,11,52,9
92,12,11,52,9
93,12,11,52,9
94,12,11,52,10
95,12,11,52,10
96,13,11,52,10
97,13,11,52,10
98,13,11,52,10
99,13,11,52,11
100,14,11,52,11
1,2,2,2,2
2,2,2,2,2
3,3,3,2,4
4,4,4,3,4
5,4,4,4,4
6,4,4,4,4
7,4,5,5,4
8,4,5,6,4
9,4,5,7,4
10,5,5,8,4
11,6,6,10,4
12,7,6,10,4
13,7,6,10,5
14,7,6,11,6
15,7,6,11,7
16,7,6,13,7
17,7,6,13,7
18,7,6,14,7
19,7,7,15,7
20,7,8,16,7
21,7,8,18,7
22,7,8,19,7
23,8,8,20,7
24,8,8,22,7
25,8,8,22,8
26,8,9,23,8
27,8,9,24,8
28,8,9,25,8
29,8,9,27,8
30,8,9,29,9
31,8,9,30,9
32,8,9,32,9
33,8,9,32,9
34,8,9,32,9
35,8,10,34,10
36,8,10,35,11
37,8,10,35,11
38,8,10,35,11
39,8,10,37,11
40,8,10,38,11
41,8,10,38,11
42,8,10,38,11
43,8,10,38,12
44,8,10,38,12
45,8,11,38,12
46,8,11,38,12
47,8,11,38,12
48,8,11,40,12
49,8,11,40,12
50,8,11,40,12
51,9,12,41,12
52,10,12,41,12
53,10,12,41,12
54,10,12,41,12
55,10,12,41,12
56,10,12,42,13
57,10,12,44,13
58,10,12,46,13
59,10,12,46,13
60,11,12,46,13
61,11,12,46,13
62,11,12,46,13
63,12,12,47,13
64,12,12,49,13
65,12,12,50,13
66,12,12,50,13
67,12,13,50,13
68,12,13,50,13
69,12,13,50,13
70,12,13,51,13
71,12,13,51,13
72,12,14,51,13
73,12,14,51,13
74,12,14,51,13
75,12,14,53,14
76,12,14,53,14
77,12,14,53,15
78,12,14,53,16
79,12,14,54,16
80,12,14,54,16
81,12,14,55,16
82,12,14,55,16
83,12,14,55,16
84,12,14,55,16
85,12,14,55,16
86,12,14,56,16
87,12,14,56,16
88,12,14,56,17
89,12,14,56,18
90,12,14,56,18
91,13,14,56,18
92,14,15,57,18
93,14,15,57,18
94,14,15,57,18
95,14,15,57,19
96,14,15,57,19
97,14,15,57,19
98,14,15,57,19
99,14,15,57,19
100,14,15,57,19
1,2,2,2,2
2,2,2,2,2
3,3,2,2,3
4,4,2,3,3
5,4,3,4,4
6,4,3,4,4
7,4,4,4,4
8,4,5,4,4
9,4,5,5,4
10,4,5,5,4
11,4,5,6,4
12,4,6,7,4
13,4,6,7,4
14,4,6,8,4
15,4,6,8,4
16,4,6,10,4
17,4,6,10,4
18,4,6,10,4
19,4,6,12,4
20,4,6,14,4
21,4,6,14,4
22,4,6,14,4
23,4,6,14,4
24,4,6,14,4
25,4,6,16,4
26,4,6,18,4
27,4,6,18,4
28,4,6,19,4
29,4,6,21,4
30,4,6,23,4
31,5,6,25,4
32,5,6,26,4
33,5,6,26,4
34,5,6,26,4
35,5,6,26,4
36,5,6,28,4
37,5,8,28,4
38,5,8,28,4
39,5,8,29,4
40,5,8,29,4
41,5,8,30,4
42,5,8,31,4
43,5,8,32,4
44,5,8,34,4
45,5,8,34,4
46,5,8,34,4
47,5,8,35,4
48,5,8,36,4
49,6,8,37,5
50,6,8,39,5
51,7,8,40,5
52,7,8,40,5
53,7,8,40,5
54,7,8,41,5
55,7,9,42,5
56,7,9,42,5
57,7,9,42,5
58,8,9,44,5
59,8,9,44,5
60,8,9,44,5
61,8,9,44,6
62,8,9,44,6
63,8,9,44,7
64,8,9,44,7
65,8,9,44,7
66,8,9,44,7
67,8,9,44,7
68,8,9,44,7
69,8,9,44,7
70,9,9,45,7
71,9,9,46,7
72,9,9,46,7
73,9,10,46,7
74,9,10,46,7
75,9,10,47,7
76,9,10,47,8
77,9,10,48,8
78,9,10,48,8
79,9,10,48,8
80,9,10,48,9
81,9,10,48,9
82,9,10,48,9
83,9,10,48,10
84,9,10,48,10
85,9,10,48,10
86,9,10,48,10
87,9,10,48,10
88,9,10,48,10
89,10,10,48,10
90,10,10,48,10
91,10,10,48,10
92,10,10,48,10
93,10,10,48,11
94,10,10,49,11
95,10,10,49,11
96,10,10,49,11
97,10,10,49,11
98,10,10,49,11
99,10,10,49,11
100,10,10,49,11
1,2,2,2,2
2,2,2,2,2
3,2,3,3,2
4,2,4,5,3
5,2,4,5,3
6,2,4,5,3
7,2,4,5,3
8,2,4,7,3
9,2,4,9,3
10,2,4,11,4
11,2,4,12,4
12,2,4,14,4
13,3,4,15,4
14,4,4,16,5
15,5,4,16,5
16,6,4,17,5
17,6,4,18,5
18,6,4,18,5
19,6,5,18,5
20,6,5,19,5
21,6,7,19,6
22,7,7,20,6
23,7,7,21,6
24,8,7,23,7
25,8,7,25,7
26,9,7,26,7
27,9,8,27,7
28,9,8,29,7
29,9,8,30,7
30,9,8,30,7
31,9,8,31,7
32,9,8,32,8
33,9,8,33,8
34,9,8,33,8
35,9,8,33,8
36,9,9,34,8
37,9,9,34,10
38,10,9,34,11
39,10,9,34,11
40,10,9,35,11
41,10,9,36,12
42,12,9,36,13
43,12,10,36,13
44,13,10,36,13
45,13,10,36,13
46,13,10,36,13
47,13,10,36,13
48,13,10,37,13
49,13,10,39,13
50,13,10,41,13
51,13,10,43,14
52,13,10,44,14
53,13,10,46,14
54,13,10,46,14
55,13,10,47,14
56,13,10,49,14
57,13,10,50,14
58,13,10,50,14
59,14,10,50,14
60,14,10,51,14
61,14,10,52,14
62,14,10,53,14
63,14,10,53,14
64,15,10,53,14
65,15,10,53,14
66,15,10,54,14
67,15,10,55,14
68,15,10,55,14
69,15,10,55,14
70,15,10,55,14
71,15,10,55,14
72,15,10,56,14
73,15,10,56,14
74,17,10,56,14
75,18,10,56,14
76,18,10,56,14
77,18,10,56,14
78,18,10,56,14
79,18,10,56,14
80,18,10,56,14
81,18,10,56,14
82,18,10,56,14
83,18,10,56,14
84,18,10,56,14
85,18,10,56,14
86,18,10,56,14
87,18,10,56,15
88,18,10,56,15
89,18,10,57,15
90,19,10,57,15
91,19,11,58,15
92,20,11,58,15
93,21,11,58,15
94,21,11,58,15
95,21,11,59,15
96,21,11,59,15
97,21,11,59,15
98,22,11,59,16
99,22,11,59,16
100,22,11,59,16
1,2,2,2,2
2,2,2,2,2
3,2,2,2,2
4,2,2,4,3
5,2,2,4,3
6,2,2,4,4
7,2,2,4,4
8,2,3,6,4
9,2,3,6,4
10,2,3,6,4
11,2,3,7,4
12,2,3,8,4
13,2,3,9,4
14,3,3,10,4
15,4,3,10,4
16,4,3,11,4
17,4,3,13,4
18,4,3,13,5
19,5,3,13,5
20,5,3,13,5
21,5,3,13,5
22,6,3,15,5
23,6,3,17,5
24,6,3,18,5
25,6,3,18,5
26,6,3,18,5
27,6,3,19,5
28,6,3,19,5
29,6,3,19,5
30,6,3,19,5
31,6,3,20,5
32,6,3,22,6
33,6,4,23,6
34,7,6,23,6
35,7,7,24,6
36,7,7,25,6
37,8,7,25,6
38,8,7,25,6
39,8,8,25,6
40,8,8,25,6
41,8,8,25,6
42,8,8,25,6
43,8,8,26,7
44,8,8,27,7
45,8,9,29,7
46,8,9,29,7
47,8,9,29,7
48,8,10,29,7
49,8,10,30,7
50,8,10,30,7
51,8,10,30,7
52,8,10,32,7
53,8,10,32,7
54,8,10,32,7
55,8,10,33,7
56,8,10,33,7
57,9,11,34,8
58,9,11,34,8
59,9,11,35,8
60,9,11,35,8
61,9,12,35,8
62,10,13,35,8
63,10,15,35,8
64,10,15,35,8
65,10,15,35,8
66,10,16,35,8
67,10,16,35,8
68,10,16,35,8
69,10,17,35,9
70,10,17,35,9
71,10,17,37,9
72,10,19,37,10
73,10,19,37,10
74,10,19,38,10
75,10,19,38,10
76,10,19,38,10
77,10,19,38,10
78,10,19,38,10
79,10,19,38,10
80,10,19,38,10
81,11,19,38,11
82,11,19,39,11
83,11,19,39,11
84,11,20,39,11
85,11,20,39,11
86,11,20,39,11
87,12,20,39,11
88,12,20,39,11
89,12,20,39,11
90,14,20,39,11
91,14,20,39,11
92,14,20,40,11
93,14,20,41,11
94,15,20,41,11
95,15,20,42,11
96,15,20,42,11
97,15,20,43,12
98,15,20,43,12
99,16,20,43,13
100,16,20,44,13
1,2,2,2,2
2,2,2,2,2
3,2,4,3,3
4,3,4,4,3
5,3,4,6,3
6,3,5,6,5
7,4,5,7,5
8,5,6,9,5
9,6,6,9,5
10,6,6,9,5
11,6,6,9,7
12,6,6,9,7
13,6,6,9,7
14,6,6,10,7
15,6,6,11,7
16,6,6,11,7
17,6,6,13,7
18,6,6,13,7
19,6,6,13,7
20,6,6,13,7
21,6,8,14,7
22,7,8,15,7
23,7,9,17,7
24,7,9,19,7
25,7,9,20,7
26,7,9,20,7
27,7,9,20,7
28,7,9,21,7
29,7,10,21,7
30,7,10,23,7
31,7,11,24,7
32,7,11,24,7
33,8,11,25,7
34,8,11,27,7
35,8,11,28,7
36,8,11,29,7
37,8,12,29,7
38,9,12,31,7
39,9,12,33,7
40,9,12,34,7
41,9,12,34,7
42,9,12,35,7
43,9,12,36,8
44,9,12,37,8
45,9,12,37,8
46,9,12,37,8
47,9,12,37,8
48,9,12,37,8
49,9,12,37,8
50,9,12,37,8
51,9,12,37,8
52,10,12,37,8
53,10,12,38,8
54,10,13,38,8
55,10,13,39,8
56,10,13,39,8
57,10,13,39,8
58,10,13,40,8
59,10,14,41,8
60,10,14,43,8
61,10,14,44,8
62,10,14,46,8
63,10,14,46,8
64,10,14,46,8
65,10,14,46,8
66,10,14,46,8
67,10,14,46,8
68,10,14,46,8
69,10,14,46,8
70,10,14,47,8
71,10,15,47,8
72,10,15,47,8
73,10,16,47,8
74,10,16,47,10
75,11,16,47,11
76,11,16,47,11
77,11,17,48,11
78,11,18,48,11
79,11,18,48,11
80,11,18,48,12
81,11,19,48,12
82,11,19,48,12
83,11,19,48,12
84,11,19,48,12
85,11,20,48,12
86,11,21,48,12
87,11,22,48,12
88,11,22,48,12
89,11,22,49,12
90,11,22,49,12
91,11,22,49,12
92,11,23,49,13
93,11,23,49,13
94,11,23,49,13
95,11,23,49,13
96,11,23,49,13
97,12,23,49,13
98,12,23,49,13
99,12,23,49,13
100,12,23,49,13
1,2,2,2,2
2,2,2,2,2
3,2,2,2,2
4,2,2,2,2
5,2,2,2,2
6,2,3,4,2
7,2,3,4,2
8,2,3,4,2
9,2,3,5,2
10,3,3,5,2
11,3,3,7,3
12,3,3,7,3
13,3,3,9,3
14,3,3,9,3
15,3,3,9,3
16,3,3,9,3
17,3,3,9,3
18,3,3,9,3
19,3,3,10,3
20,3,3,12,3
21,4,3,13,3
22,4,3,14,3
23,4,3,14,3
24,4,3,15,3
25,4,3,17,3
26,4,3,19,3
27,4,3,21,4
28,4,3,23,4
29,4,3,25,4
30,4,4,26,4
31,5,4,27,4
32,6,4,29,4
33,6,4,31,4
34,7,4,32,4
35,7,4,32,4
36,7,4,32,4
37,7,5,33,4
38,7,5,35,4
39,7,6,37,4
40,7,6,38,4
41,7,6,39,4
42,7,6,39,4
43,7,6,40,4
44,7,6,40,4
45,7,6,41,4
46,7,6,42,4
47,7,6,42,4
48,8,6,43,4
49,8,6,43,4
50,8,6,43,4
51,9,6,43,4
52,9,6,44,4
53,9,6,45,4
54,9,7,45,4
55,9,7,45,4
56,9,7,47,4
57,9,7,47,4
58,9,8,47,4
59,10,8,47,4
60,10,8,48,4
61,10,9,48,4
62,10,9,49,4
63,10,9,51,4
64,10,9,51,4
65,11,9,51,4
66,11,9,51,4
67,11,10,51,4
68,12,10,51,4
69,12,11,51,4
70,13,11,51,4
71,13,11,51,5
72,13,11,52,5
73,13,11,52,5
74,14,11,52,5
75,14,11,52,6
76,14,11,52,6
77,14,11,52,6
78,14,11,52,7
79,14,11,52,7
80,14,11,52,7
81,15,11,52,7
82,15,11,52,7
83,16,11,53,7
84,16,11,54,8
85,17,11,54,8
86,18,11,54,8
87,18,11,54,8
88,18,12,54,8
89,18,13,54,8
90,18,14,54,8
91,18,15,54,8
92,18,15,54,8
93,18,15,54,8
94,19,15,54,8
95,20,15,54,8
96,21,15,54,8
97,21,15,54,8
98,21,15,54,8
99,21,15,54,8
100,21,15,54,9
1,2,2,2,2
2,2,2,2,2
3,2,2,2,2
4,3,2,3,2
5,3,2,3,2
6,3,3,3,3
7,3,4,4,3
8,3,4,4,3
9,3,4,4,3
10,3,4,6,3
11,3,4,7,3
12,5,4,8,3
13,5,4,8,3
14,5,4,9,3
15,5,4,10,3
16,5,4,10,3
17,5,5,10,3
18,5,5,11,3
19,5,5,11,3
20,5,6,11,3
21,5,6,13,3
22,5,7,15,3
23,5,7,17,3
24,5,7,19,3
25,5,7,21,3
26,5,7,22,3
27,5,7,22,3
28,5,7,22,3
29,5,7,22,3
30,5,7,23,3
31,5,7,24,3
32,5,7,26,3
33,5,7,27,3
34,5,7,28,3
35,5,7,28,3
36,5,7,30,3
37,5,7,30,3
38,5,7,30,3
39,5,7,31,3
40,5,8,31,3
41,6,8,32,3
42,6,8,34,3
43,6,8,36,3
44,6,8,37,3
45,6,8,38,3
46,6,9,39,4
47,6,10,41,4
48,6,12,43,4
49,6,12,43,4
50,6,12,43,4
51,6,12,43,4
52,7,12,43,4
53,7,12,44,4
54,7,12,44,4
55,7,12,45,4
56,7,12,45,4
57,7,12,45,5
58,7,12,45,5
59,8,12,45,5
60,9,13,45,5
61,9,13,45,5
62,10,13,45,5
63,10,13,46,5
64,10,14,47,5
65,10,14,47,5
66,10,14,47,5
67,10,14,47,5
68,10,14,47,5
69,10,15,47,5
70,10,15,48,5
71,10,15,49,6
72,10,15,50,6
73,10,15,50,6
74,12,16,51,6
75,12,17,51,7
76,12,18,51,7
77,12,19,51,7
78,12,19,52,7
79,12,19,52,7
80,12,19,53,7
81,12,19,53,7
82,12,19,54,7
83,12,19,54,7
84,12,19,54,7
85,12,19,54,7
86,12,19,54,7
87,13,19,55,7
88,13,19,55,7
89,13,19,55,7
90,13,19,55,7
91,14,19,55,7
92,14,19,55,7
93,14,19,55,7
94,14,19,55,7
95,14,20,55,7
96,15,20,55,7
97,16,20,55,7
98,16,20,55,7
99,17,20,55,8
100,17,20,55,8
1,2,2,2,2
2,2,2,2,2
3,3,2,3,3
4,3,2,3,3
5,3,2,4,3
6,3,2,4,3
7,5,3,5,3
8,6,4,7,3
9,7,4,9,3
10,9,4,10,3
11,11,5,12,3
12,13,5,13,3
13,15,5,14,4
14,15,5,14,4
15,15,5,14,4
16,15,5,14,5
17,17,5,15,6
18,18,5,17,6
19,18,5,19,6
20,18,5,19,6
21,18,6,19,6
22,19,6,19,7
23,19,6,19,7
24,19,7,20,7
25,20,7,20,7
26,21,7,21,7
27,23,8,23,7
28,25,8,23,7
29,25,8,23,8
30,26,8,25,8
31,27,8,26,8
32,29,9,26,8
33,31,9,28,9
34,32,10,29,10
35,33,10,29,11
36,34,10,30,11
37,36,10,31,11
38,36,11,31,11
39,37,11,32,11
40,37,12,33,11
41,38,12,34,11
42,39,12,35,12
43,39,12,35,12
44,40,13,36,12
45,41,13,36,12
46,41,13,36,12
47,42,13,36,12
48,43,13,36,12
49,43,13,36,12
50,45,13,37,12
51,45,13,39,13
52,47,13,39,13
53,47,13,39,13
54,47,13,40,13
55,49,13,40,13
56,51,13,41,14
57,51,13,42,14
58,52,13,42,15
59,53,13,43,15
60,53,13,43,15
61,53,13,45,16
62,53,13,46,16
63,53,13,46,16
64,53,13,46,16
65,54,13,47,16
66,54,13,48,16
67,54,13,48,16
68,54,13,49,16
69,54,13,49,16
70,54,13,49,16
71,54,13,49,16
72,54,13,49,16
73,54,13,49,16
74,54,13,50,16
75,54,13,50,16
76,54,13,50,16
77,54,13,50,16
78,54,13,50,17
79,54,13,50,17
80,54,14,51,17
81,54,14,53,17
82,54,14,53,18
83,54,14,53,19
84,54,15,53,19
85,54,15,53,19
86,54,15,54,20
87,54,15,54,20
88,54,15,54,20
89,54,15,54,21
90,54,15,54,21
91,54,15,54,21
92,54,16,54,22
93,54,16,54,22
94,54,16,54,22
95,54,16,54,22
96,54,16,54,22
97,54,16,54,22
98,54,16,54,22
99,54,17,54,22
100,54,17,54,22
1,2,2,2,2
2,2,2,2,2
3,2,2,2,2
4,2,2,2,2
5,2,2,2,2
6,2,2,2,2
7,2,2,2,2
8,2,2,2,2
9,2,2,2,2
10,2,2,2,2
11,2,2,2,2
12,2,2,2,2
13,2,2,2,2
14,2,2,2,2
15,2,2,2,2
1,2,2,2,2
2,2,2,2,2
3,2,2,2,2
4,2,2,2,2
5,2,2,2,2
6,2,2,2,2
7,2,2,2,2
8,2,2,2,2
9,2,2,2,2
10,2,2,2,2
11,2,2,2,2
12,2,2,2,2
13,2,2,2,2
14,2,2,2,2
15,2,2,2,2
1,2,2,2,2
2,2,2,2,2
3,2,2,2,2
4,2,2,2,2
5,2,2,2,2
6,2,2,3,2
7,2,2,3,2
8,2,2,4,2
9,2,2,4,2
10,2,2,4,2
11,2,2,4,2
12,2,2,4,2
13,2,2,4,2
14,2,2,4,2
15,2,2,4,2
1,2,2,2,2
2,2,2,2,2
3,2,2,2,2
4,2,2,2,2
5,2,2,2,2
6,2,2,2,2
7,2,2,2,2
8,2,2,2,2
9,2,2,2,2
10,2,2,2,2
11,2,2,2,2
12,2,2,2,2
1,2,2,2,2
2,2,2,2,2
3,2,2,2,2
4,2,2,2,2
5,2,2,2,2
6,2,2,2,2
7,2,2,2,2
8,2,2,2,2
9,2,2,2,2
10,2,2,2,2
11,2,2,2,2
12,2,2,2,2
13,2,2,2,2
14,2,2,2,2
15,2,2,2,2
1,2,2,2,2
2,2,2,2,2
3,2,2,2,2
4,2,2,2,2
5,2,2,2,2
6,2,2,2,2
7,2,2,2,2
8,2,2,2,2
9,2,2,2,2
10,2,2,2,2
11,2,2,2,2
12,2,2,2,2
13,2,2,2,2
14,2,2,2,2
15,2,2,2,2
1,2,2,2,2
2,2,2,2,2
1,2,2,2,2
3,2,2,2,2
4,2,2,2,2
2,2,2,2,2
5,2,2,2,2
6,2,2,3,2
3,3,2,2,3
7,2,2,3,2
8,2,2,3,2
9,2,2,4,2
4,3,2,3,3
10,2,2,4,2
11,2,2,4,2
12,2,2,4,2
5,3,2,3,3
13,2,2,4,2
14,2,2,4,2
6,3,2,3,3
15,2,2,4,2
7,3,2,3,3
1,2,2,2,2
2,2,2,2,2
3,2,2,2,2
8,3,2,3,3
4,2,2,2,2
5,2,2,2,2
6,2,2,2,2
9,3,2,3,3
7,2,2,2,2
8,2,2,2,2
9,2,2,2,2
10,3,2,3,3
10,2,2,2,2
11,2,2,2,2
11,3,2,3,3
12,2,2,2,2
13,2,2,2,2
14,2,2,2,2
12,3,2,3,3
15,2,2,2,2
1,2,2,2,2
13,3,2,3,3
2,2,2,2,2
3,2,2,2,2
14,3,2,3,3
4,2,2,2,2
15,3,2,3,3
5,2,2,2,2
6,2,2,2,2
16,3,2,3,3
7,2,2,2,2
17,3,2,3,3
8,2,2,2,2
18,3,2,4,3
9,2,2,2,2
19,3,2,4,3
10,2,2,2,2
20,3,2,4,3
11,2,2,2,2
21,3,2,4,3
12,2,2,2,2
13,2,2,2,2
22,3,2,5,3
14,2,2,2,2
23,3,2,5,3
15,2,2,2,2
24,3,2,6,3
1,2,2,2,2
2,2,2,2,2
3,2,3,2,2
25,3,2,6,3
4,2,3,4,3
5,2,4,4,3
6,2,4,4,3
7,2,4,4,4
26,3,2,6,3
8,2,4,4,4
9,2,4,5,4
10,2,4,5,4
11,2,4,5,4
27,3,2,6,3
12,2,4,5,4
13,2,4,5,4
14,3,4,5,4
15,4,4,5,4
28,3,2,6,3
1,2,2,2,2
2,2,2,2,2
29,3,2,6,3
3,2,2,2,2
4,2,2,2,2
5,2,2,3,2
6,2,2,3,2
30,3,2,6,3
7,2,2,3,2
8,2,2,4,2
9,2,2,4,3
10,2,2,4,3
31,3,2,6,3
11,2,2,4,3
12,2,2,4,3
13,2,2,4,3
14,2,2,4,3
32,3,2,7,3
15,2,2,4,3
1,2,2,2,2
33,3,2,7,3
2,2,2,2,2
34,3,2,7,3
3,2,2,2,2
35,3,2,7,3
4,2,2,2,2
5,2,3,3,2
36,3,2,7,3
6,2,3,3,2
37,3,2,7,3
7,2,3,3,2
38,3,2,8,3
8,2,3,3,2
39,3,2,8,3
9,2,3,3,2
40,3,2,9,3
10,2,3,3,2
11,2,4,4,2
41,3,2,9,3
12,2,4,4,2
42,3,2,9,3
13,2,4,4,2
43,3,2,9,3
14,2,4,5,2
44,3,2,9,3
15,2,4,5,2
45,3,2,9,3
1,2,2,2,2
2,2,2,2,2
46,3,2,10,3
3,2,2,2,2
4,2,2,2,2
47,3,2,10,3
5,2,2,2,2
6,2,2,2,2
7,2,2,2,2
48,3,2,10,3
8,2,2,2,2
9,2,2,2,2
49,3,2,10,3
10,2,2,2,2
11,2,2,2,2
12,2,2,2,2
50,3,2,10,3
13,2,2,2,2
14,2,2,2,2
15,2,2,2,2
51,3,2,10,3
1,2,2,2,2
2,2,2,2,2
3,2,2,2,2
52,3,2,10,3
4,2,2,2,2
5,2,2,2,2
6,2,2,2,2
7,2,2,2,2
8,2,2,2,2
53,3,2,10,3
9,2,2,2,2
10,2,2,2,2
11,2,2,2,2
12,2,2,2,2
13,2,2,3,2
54,3,2,10,3
14,2,2,3,2
15,2,2,3,2
55,3,2,10,3
56,3,2,10,3
57,3,2,10,3
58,3,2,10,3
59,3,2,10,3
60,3,2,10,3
61,3,2,10,3
62,3,2,10,3
63,3,2,10,3
64,3,2,10,3
65,3,2,10,3
66,3,2,10,3
67,3,2,10,3
68,3,2,10,3
69,3,2,10,3
70,3,2,10,3
71,3,2,10,3
72,3,2,10,3
73,3,2,10,3
74,3,2,11,3
75,3,2,11,3
76,3,2,11,3
77,3,2,11,3
78,3,2,11,3
79,3,2,11,3
80,3,2,11,3
81,3,2,11,3
82,3,2,11,3
83,3,2,11,3
84,3,2,11,3
85,3,2,11,3
86,3,2,11,3
87,3,2,11,3
88,3,2,11,3
89,3,2,11,3
90,3,2,11,3
91,3,2,11,3
92,3,2,11,4
93,3,2,11,4
94,3,2,11,4
95,3,2,11,4
96,3,2,11,4
97,3,2,11,4
98,3,2,11,4
99,3,2,11,4
100,3,2,11,4
1,2,2,2,2
2,2,2,2,2
3,2,2,3,4
4,2,4,4,4
5,2,5,5,4
6,2,5,5,4
7,2,5,5,4
8,2,5,5,4
9,2,6,6,4
10,2,7,7,4
11,2,8,8,5
12,2,8,9,5
13,2,8,10,5
14,2,8,10,5
15,2,8,10,5
16,2,9,10,5
17,2,10,11,5
18,2,10,11,5
19,2,10,12,6
20,2,10,12,6
21,2,10,13,6
22,2,10,15,6
23,2,11,17,6
24,2,11,19,7
25,2,12,20,7
26,2,12,21,7
27,2,13,22,7
28,2,13,24,7
29,2,14,26,7
30,2,16,28,7
31,2,18,30,8
32,2,20,32,8
33,2,22,33,8
34,2,24,34,8
35,2,25,35,8
36,2,27,36,8
37,2,29,37,8
38,2,31,39,8
39,2,33,41,8
40,2,35,42,8
41,2,36,43,8
42,2,37,45,8
43,2,38,47,8
44,2,40,48,8
45,2,41,48,8
46,2,43,49,8
47,2,44,49,8
48,2,46,50,8
49,2,47,50,8
50,2,49,50,8
51,2,51,51,8
52,2,53,51,8
53,2,53,51,8
54,2,54,52,8
55,2,55,53,8
56,2,55,53,9
57,2,57,53,9
58,2,57,53,9
59,2,57,53,9
60,2,57,53,9
61,2,57,53,9
62,2,58,53,9
63,2,60,53,9
64,2,60,53,9
65,2,60,53,9
66,2,61,53,9
67,2,61,54,9
68,2,61,54,9
69,2,61,55,10
70,2,61,56,10
71,2,61,56,10
72,2,61,56,10
73,2,61,56,10
1,2,2,2,2
2,2,2,2,2
3,2,2,2,2
4,2,4,4,3
5,2,4,5,3
6,2,4,5,3
7,2,4,5,3
8,2,4,6,3
9,2,4,7,3
10,2,4,9,3
11,2,4,11,3
12,2,4,12,3
13,2,4,12,3
14,2,4,12,3
15,2,6,12,3
16,2,6,13,3
17,2,7,14,3
74,2,61,56,10
18,2,7,16,3
19,2,7,17,3
20,2,7,19,3
21,2,7,20,4
22,2,7,20,4
23,2,7,20,4
24,2,7,21,4
25,2,8,23,4
26,3,8,23,4
27,3,8,23,4
75,2,61,56,10
28,3,9,24,4
29,3,9,25,4
30,3,9,26,5
31,3,9,26,5
32,3,9,26,5
76,2,61,56,10
33,4,9,26,6
34,4,9,26,6
35,5,9,26,7
36,5,9,27,7
37,5,9,27,7
77,2,61,56,10
38,6,9,27,7
39,6,9,29,7
40,6,9,29,8
41,6,9,31,8
42,6,9,32,8
78,2,61,56,10
43,6,9,33,8
44,7,9,34,8
45,7,9,34,8
79,2,61,56,10
46,7,9,35,8
47,7,9,35,8
80,2,61,56,10
48,7,9,35,8
49,8,9,36,8
50,8,9,37,8
81,2,61,56,10
51,8,9,37,9
52,8,9,37,9
82,2,61,57,10
53,8,9,38,9
54,9,9,39,9
55,9,9,39,9
83,2,61,57,10
56,9,9,39,9
57,9,9,39,9
84,2,61,57,10
58,9,10,40,9
59,9,10,40,9
85,2,61,57,10
60,9,10,40,9
61,9,10,40,9
86,2,61,58,10
62,9,11,40,9
63,9,11,41,9
64,9,11,41,9
87,2,61,58,10
65,10,11,41,9
66,10,11,41,9
88,2,61,58,10
67,10,11,41,9
68,10,11,41,9
69,10,12,41,9
89,2,61,58,10
70,10,12,42,9
71,11,12,42,9
90,2,61,58,10
72,11,12,42,9
73,12,12,42,9
91,2,61,58,10
74,12,13,42,9
75,12,13,43,10
92,2,61,58,10
76,12,13,44,10
77,12,13,44,11
93,2,61,58,11
78,12,13,44,11
79,12,14,45,11
94,2,61,58,11
80,12,14,46,11
95,2,61,58,11
81,12,14,47,11
82,12,14,47,11
96,2,61,58,11
83,13,14,47,12
84,13,15,47,12
97,2,61,58,11
85,13,15,47,12
98,2,61,58,11
86,13,16,47,12
87,13,16,47,12
99,2,61,58,11
88,13,16,47,12
100,2,61,58,11
89,13,17,47,12
90,13,17,47,12
91,14,17,47,12
92,14,17,47,12
93,14,17,48,12
94,14,17,48,12
95,14,17,48,12
96,14,17,49,12
97,14,17,49,12
98,14,17,49,13
99,14,17,49,13
100,14,17,49,13
1,2,2,2,2
2,2,2,2,2
3,2,2,3,2
4,3,2,4,3
5,3,2,4,3
6,3,2,4,3
7,4,3,4,3
8,4,4,5,3
9,4,5,6,3
10,4,5,6,3
11,4,6,7,3
12,6,6,9,3
13,6,6,10,3
14,6,6,11,3
15,6,6,12,3
16,6,6,12,3
17,7,6,14,3
18,8,6,15,3
19,8,6,16,3
20,8,6,16,3
21,8,6,16,3
22,8,6,17,3
23,8,6,19,4
24,8,6,21,4
25,8,6,23,6
26,8,6,23,6
27,8,6,24,6
28,8,6,24,6
29,8,6,24,6
30,8,6,25,7
31,8,6,27,7
32,8,6,29,7
33,8,6,29,7
34,8,7,30,7
35,8,7,31,8
36,8,7,32,8
37,8,8,33,8
38,8,8,33,8
39,8,8,33,8
40,8,8,33,8
41,8,8,34,8
42,9,9,35,8
43,9,9,35,8
44,9,9,36,8
45,9,9,38,8
46,10,9,39,9
47,10,9,39,9
48,10,9,41,9
49,11,11,43,9
50,11,12,44,9
51,11,12,45,9
52,12,12,45,9
53,12,12,45,9
54,12,12,45,9
55,12,12,45,9
56,12,12,45,9
57,12,12,45,9
58,12,13,46,9
59,12,14,46,9
60,12,14,46,9
61,12,14,47,9
62,12,14,48,9
63,12,14,48,9
64,12,14,49,9
65,12,14,49,9
66,12,14,49,9
67,12,15,49,9
68,12,15,49,9
69,12,15,49,9
70,12,15,49,9
71,12,15,49,9
72,12,16,49,11
73,12,16,49,11
74,12,16,50,12
75,12,16,50,14
76,13,16,50,14
77,14,16,50,14
78,14,16,50,15
79,14,16,50,15
80,14,16,50,15
81,14,16,50,15
82,14,17,51,15
83,14,17,51,15
84,14,17,51,15
85,14,17,51,15
86,14,18,51,15
87,14,18,51,15
88,14,18,51,16
89,14,18,52,16
90,14,18,52,16
91,14,18,52,16
92,15,18,52,16
93,15,18,52,16
94,16,18,52,16
95,16,18,52,16
96,16,18,52,16
97,16,18,52,16
98,16,18,53,16
99,16,18,53,16
100,16,18,53,16
1,2,2,2,2
2,2,2,2,2
3,3,2,3,3
4,3,2,3,3
5,3,2,3,3
6,3,2,4,3
7,3,2,4,3
8,3,2,4,3
9,3,2,4,3
10,3,2,5,3
11,3,2,5,3
12,3,2,6,3
13,3,2,7,3
14,3,2,8,3
15,3,2,9,3
16,3,2,10,3
17,3,2,10,3
18,3,2,11,3
19,3,2,12,3
20,3,2,12,3
21,3,2,12,3
22,3,2,14,3
23,3,2,14,3
24,3,2,14,4
25,3,2,14,4
26,3,2,14,4
27,3,3,15,4
28,3,3,15,5
29,3,3,16,6
30,3,3,16,6
31,3,3,17,6
32,3,3,17,6
33,3,4,19,6
34,3,4,19,6
35,3,4,19,6
36,3,4,21,6
37,3,4,21,6
38,3,4,22,6
39,3,4,24,6
40,3,4,25,6
41,3,4,25,6
42,3,4,25,6
43,3,4,25,6
44,3,4,26,6
45,3,4,26,6
46,3,4,27,7
47,3,4,29,7
48,3,4,30,7
49,3,4,31,7
50,3,4,31,7
51,3,4,33,7
52,3,4,33,7
53,3,4,34,7
54,3,4,35,7
55,3,4,35,7
56,3,4,36,7
57,3,4,36,7
58,4,4,36,7
59,4,4,36,7
60,4,4,36,7
61,4,5,36,7
62,4,5,37,7
63,4,5,38,7
64,4,5,39,7
65,4,5,39,7
66,4,5,39,7
67,4,5,40,7
68,4,5,40,7
69,4,5,40,7
70,4,5,40,7
71,4,5,41,7
72,4,5,41,7
73,4,5,41,7
74,4,5,41,7
75,4,5,42,7
76,4,5,43,7
77,4,5,43,7
78,4,5,44,8
79,5,5,44,8
80,5,5,44,8
81,5,5,44,8
82,6,5,44,8
83,6,5,44,8
84,6,5,45,9
85,6,5,46,9
86,6,5,46,10
87,6,5,46,10
88,6,5,46,10
89,6,5,46,10
90,6,5,46,10
91,6,5,46,10
92,6,5,46,11
93,6,5,46,11
94,6,5,46,11
95,6,5,46,11
96,6,5,46,11
97,6,5,46,11
98,6,5,46,11
99,6,5,46,11
100,6,5,46,11
1,2,2,2,2
2,2,2,2,2
3,2,2,2,2
4,3,3,3,3
5,3,3,3,3
6,3,4,5,3
7,4,4,5,4
8,5,4,5,4
9,6,4,6,4
10,6,4,7,4
11,6,4,9,4
12,7,4,9,4
13,7,4,10,4
14,7,4,10,4
15,7,4,11,4
16,7,4,12,5
17,7,4,13,5
18,7,4,13,5
19,7,4,14,6
20,7,4,15,6
21,7,4,16,6
22,7,5,18,7
23,7,5,19,7
24,7,5,19,7
25,7,5,21,7
26,7,5,22,7
27,7,5,24,8
28,7,5,26,8
29,7,5,27,8
30,8,5,28,8
31,9,5,30,8
32,9,5,32,8
33,10,6,34,8
34,10,6,35,8
35,10,6,36,8
36,10,6,38,8
37,10,6,39,8
38,10,6,41,8
39,10,7,42,8
40,10,7,42,8
41,10,8,43,8
42,11,8,43,8
43,11,8,44,8
44,11,8,45,9
45,11,8,46,9
46,11,8,48,9
47,11,8,49,9
48,11,8,49,9
49,11,8,49,9
50,11,8,51,9
51,11,8,52,9
52,11,8,53,9
53,11,8,53,9
54,11,8,53,9
55,11,8,53,9
56,11,8,53,9
57,11,8,53,9
58,11,8,54,9
59,11,8,54,10
60,11,8,54,10
61,11,8,54,10
62,11,8,54,10
63,12,8,54,10
64,12,9,54,10
65,12,9,55,10
66,12,9,55,11
67,12,9,56,12
68,13,9,56,13
69,13,9,56,13
70,13,9,56,13
71,13,10,56,13
72,13,10,56,13
73,13,10,56,13
74,13,10,57,14
75,14,10,57,14
76,14,11,57,14
77,14,11,57,14
78,14,11,57,14
79,14,11,57,14
80,14,11,57,14
81,14,12,58,14
82,14,12,58,14
83,14,12,59,14
84,14,12,59,15
85,14,12,59,16
86,14,12,59,16
87,14,12,59,16
88,14,12,59,16
89,14,12,59,16
90,14,12,59,16
91,14,12,59,16
92,14,12,59,16
93,14,12,59,16
94,14,12,59,17
95,14,12,59,17
96,14,12,59,17
97,14,12,59,18
98,14,12,59,18
99,14,12,59,19
100,14,12,59,19
1,2,2,2,2
2,2,2,2,2
3,3,3,3,2
4,3,3,4,2
5,3,3,5,3
6,3,3,5,3
7,3,3,5,3
8,3,3,6,3
9,3,3,7,3
10,3,3,8,3
11,3,3,8,3
12,3,3,8,3
13,3,4,8,3
14,3,4,9,3
15,3,4,10,3
16,3,4,11,3
17,3,4,12,3
18,3,4,13,3
19,3,4,13,3
20,3,4,15,3
21,3,4,16,3
22,3,5,17,3
23,4,5,19,3
24,4,5,20,4
25,4,5,20,4
26,4,5,22,4
27,4,5,24,4
28,4,5,25,5
29,4,5,27,5
30,4,5,29,5
31,4,5,30,5
32,4,5,32,5
33,4,5,34,5
34,5,5,36,5
35,5,5,37,5
36,5,5,38,5
37,5,5,40,5
38,5,5,40,5
39,5,5,41,5
40,6,5,42,5
41,6,5,44,6
42,7,5,44,6
43,7,5,44,6
44,7,6,45,6
45,7,6,47,6
46,7,6,47,6
47,7,6,47,6
48,7,6,49,7
49,7,6,49,7
50,7,6,50,7
51,7,6,51,8
52,7,6,51,8
53,7,6,52,8
54,7,7,52,8
55,7,7,52,8
56,7,7,52,8
57,7,7,52,8
58,7,7,52,9
59,7,7,52,9
60,7,7,53,9
61,7,7,53,9
62,7,7,53,9
63,7,7,53,9
64,7,7,53,9
65,8,7,53,9
66,8,7,53,9
67,8,7,53,9
68,8,7,53,9
69,8,7,53,9
70,9,7,53,9
71,9,7,53,9
72,9,7,55,9
73,9,7,55,9
74,10,7,55,9
75,10,7,55,9
76,10,8,55,9
77,10,8,55,9
78,10,8,55,9
79,10,8,55,9
80,10,8,55,9
81,10,8,55,9
82,10,8,55,10
83,10,8,55,11
84,10,8,55,11
85,10,8,55,11
86,10,8,55,11
87,10,8,56,11
88,10,9,56,11
89,11,9,56,11
90,11,9,56,11
91,11,9,56,11
92,11,9,56,11
93,11,9,57,11
94,12,9,57,11
95,12,9,57,11
96,12,9,57,11
97,12,9,57,11
98,12,9,57,11
99,12,9,57,11
100,13,9,57,11
1,2,2,2,2
2,2,2,2,2
3,2,3,2,3
4,2,3,4,3
5,2,3,4,3
6,3,3,4,3
7,3,3,5,3
8,3,3,7,3
9,3,3,7,3
10,3,4,7,3
11,3,5,8,4
12,4,6,10,4
13,5,6,12,4
14,5,6,12,4
15,6,6,14,4
16,6,6,15,4
17,6,8,17,4
18,6,9,17,4
19,6,9,17,4
20,7,9,18,4
21,8,9,19,4
22,10,9,20,4
23,11,9,20,5
24,11,9,21,5
25,12,9,22,5
26,12,9,24,5
27,12,9,26,5
28,12,9,26,5
29,12,9,27,5
30,12,9,27,5
31,12,9,27,5
32,12,9,27,5
33,12,9,28,5
34,12,9,28,5
35,12,9,29,5
36,12,9,30,5
37,12,9,30,7
38,12,11,30,7
39,12,11,32,7
40,12,11,34,7
41,12,12,34,7
42,12,14,34,7
43,12,15,34,7
44,12,16,36,8
45,13,16,38,8
46,13,16,39,8
47,13,16,41,8
48,13,16,42,8
49,13,16,42,8
50,15,17,44,8
51,15,17,44,8
52,15,18,44,8
53,15,19,45,8
54,15,19,45,8
55,15,20,45,8
56,15,20,46,8
57,15,20,46,8
58,15,20,47,8
59,15,20,47,9
60,15,20,47,9
61,15,20,48,9
62,15,22,49,9
63,15,23,50,9
64,15,23,50,9
65,16,24,51,9
66,16,25,51,9
67,16,25,51,10
68,16,26,52,10
69,16,26,52,10
70,16,26,52,10
71,16,26,52,10
72,17,27,52,10
73,17,27,52,10
74,17,27,52,10
75,17,27,52,10
76,17,27,52,10
77,17,27,52,10
78,18,27,53,10
79,18,27,53,10
80,18,27,53,10
81,18,27,54,11
82,18,27,54,11
83,19,27,54,11
84,19,27,54,11
85,19,27,54,11
86,19,27,55,11
87,19,27,55,11
88,19,27,55,11
89,19,27,56,11
90,19,27,57,11
91,19,27,57,11
92,19,27,57,11
93,19,27,57,11
94,19,27,57,11
95,19,27,57,11
96,19,27,57,11
97,19,27,58,11
98,19,27,59,11
99,21,27,59,11
100,21,27,59,11
1,2,2,2,2
2,2,2,2,2
3,3,2,3,3
4,4,3,4,4
5,4,4,4,5
6,4,4,6,5
7,5,5,7,5
8,5,5,7,6
9,5,5,7,6
10,5,5,8,6
11,5,5,8,6
12,6,5,9,6
13,6,5,10,6
14,6,5,12,6
15,6,5,12,6
16,7,5,14,6
17,7,5,14,6
18,7,5,15,7
19,8,6,15,8
20,8,7,16,8
21,8,7,18,8
22,8,7,20,8
23,8,7,22,8
24,8,7,24,8
25,8,7,26,8
26,8,7,26,8
27,8,9,26,8
28,9,9,27,8
29,10,9,27,8
30,10,10,28,9
31,10,10,28,10
32,10,10,29,10
33,10,10,31,11
34,10,10,33,11
35,10,10,35,11
36,10,10,36,12
37,10,10,36,12
38,10,10,37,12
39,10,10,37,12
40,10,10,38,12
41,10,10,38,12
42,10,11,38,12
43,10,11,38,14
44,11,11,38,14
45,12,11,38,14
46,13,11,38,14
47,13,12,38,14
48,13,13,39,14
49,13,13,41,14
50,13,13,42,14
51,13,13,42,15
52,14,13,42,15
53,14,13,43,16
54,14,13,43,17
55,14,13,43,17
56,14,13,43,17
57,15,15,43,17
58,16,15,45,17
59,18,16,46,17
60,18,16,46,17
61,18,16,46,18
62,18,16,46,18
63,18,17,46,18
64,18,17,46,18
65,18,17,46,18
66,18,17,46,18
67,18,17,46,18
68,18,17,46,18
69,18,17,46,19
70,18,17,46,19
71,18,17,46,19
72,18,17,47,20
73,19,18,47,20
74,20,18,47,20
75,20,18,47,20
76,21,19,47,20
77,21,19,47,20
78,21,19,47,20
79,21,19,47,20
80,21,19,47,20
81,21,19,47,20
82,21,19,47,20
83,21,19,47,20
84,21,19,48,20
85,21,19,48,20
86,21,19,48,20
87,21,19,48,20
88,21,19,48,21
89,23,19,48,21
90,23,19,48,21
91,23,19,48,22
92,23,19,49,23
93,23,19,50,23
94,23,19,50,23
95,23,19,51,23
96,23,19,51,23
97,23,19,51,23
98,23,19,51,23
99,23,19,51,23
100,23,19,51,23
1,2,2,2,2
2,2,2,2,2
3,3,3,3,3
4,4,3,4,4
5,4,3,4,4
6,4,3,5,5
7,4,3,6,5
8,5,3,6,5
9,5,3,7,5
10,5,3,7,5
11,5,3,8,5
12,5,4,8,5
13,5,4,9,7
14,6,4,9,7
15,6,4,11,7
16,6,4,11,7
17,6,4,11,7
18,6,4,11,7
19,6,4,12,7
20,6,4,12,7
21,6,5,13,7
22,6,6,15,7
23,6,6,15,7
24,6,6,16,7
25,7,6,17,7
26,7,6,17,7
27,7,6,18,7
28,7,6,19,7
29,7,6,21,7
30,7,7,22,7
31,7,7,22,7
32,7,7,24,7
33,7,8,26,7
34,7,9,27,7
35,7,9,29,7
36,7,9,29,7
37,7,9,29,7
38,7,10,30,7
39,7,11,30,7
40,7,11,31,7
41,7,11,31,7
42,7,12,31,7
43,7,12,32,7
44,7,12,32,7
45,7,12,33,7
46,7,12,33,7
47,7,12,33,8
48,7,12,33,8
49,7,13,35,9
50,7,14,35,9
51,7,14,35,9
52,7,15,37,9
53,7,15,37,9
54,7,15,37,9
55,7,15,38,9
56,7,17,38,9
57,7,17,40,9
58,7,17,40,9
59,7,17,40,9
60,7,17,42,9
61,7,18,43,10
62,7,18,43,10
63,7,18,43,10
64,7,18,43,10
65,7,19,43,11
66,7,19,43,11
67,8,19,43,11
68,8,19,43,11
69,8,19,43,11
70,8,19,43,11
71,9,19,43,11
72,9,20,45,11
73,9,21,46,11
74,9,21,46,11
75,9,21,46,11
76,9,21,46,11
77,9,21,46,11
78,9,21,46,11
79,9,21,46,11
80,9,21,46,11
81,9,21,48,11
82,10,21,48,11
83,10,21,48,11
84,10,21,48,11
85,10,21,48,11
86,10,21,49,11
87,10,21,49,12
88,10,21,49,12
89,10,21,49,12
90,10,21,49,12
91,10,21,49,12
92,10,21,50,12
93,10,21,50,12
94,10,21,51,12
95,10,21,52,12
96,10,21,52,12
97,10,21,52,13
98,10,21,52,13
99,10,21,52,13
100,10,21,52,13
1,2,2,2,2
2,2,2,2,2
3,3,3,4,3
4,4,3,5,3
5,4,3,6,4
6,5,3,6,4
7,5,3,6,5
8,5,3,7,6
9,6,3,7,6
10,6,3,7,6
11,6,4,9,6
12,6,5,11,7
13,6,5,13,7
14,7,6,14,7
15,7,6,14,7
16,7,6,14,7
17,7,6,15,7
18,7,6,15,7
19,7,7,16,7
20,7,8,17,7
21,8,8,18,7
22,8,8,19,8
23,9,8,21,8
24,10,8,23,8
25,10,9,25,8
26,10,10,27,8
27,10,10,29,8
28,10,10,31,8
29,11,11,33,8
30,11,11,35,8
31,11,11,36,8
32,11,12,37,8
33,12,12,39,10
34,12,13,41,10
35,12,13,43,10
36,12,13,44,10
37,12,13,44,12
38,12,13,46,12
39,12,13,46,12
40,13,14,46,12
41,13,15,47,12
42,13,15,47,12
43,13,15,47,12
44,13,15,48,12
45,13,15,48,12
46,13,15,49,12
47,13,15,49,12
48,13,15,49,12
49,13,16,49,13
50,13,16,49,13
51,14,16,50,13
52,14,16,52,13
53,14,16,53,13
54,15,16,53,13
55,15,16,54,13
56,15,16,54,13
57,16,16,54,13
58,17,16,54,14
59,17,16,55,14
60,17,16,56,14
61,17,16,57,14
62,17,16,57,15
63,17,17,57,16
64,17,17,57,16
65,17,17,58,16
66,18,17,58,17
67,19,17,59,17
68,19,17,59,17
69,20,17,59,17
70,20,17,59,17
71,20,17,59,17
72,20,17,60,17
73,20,18,60,17
74,20,18,60,17
75,20,18,60,17
76,20,18,60,17
77,20,18,60,17
78,20,18,60,17
79,20,18,60,17
80,20,19,60,17
81,20,19,60,17
82,20,19,60,17
83,20,19,60,17
84,20,19,60,17
85,20,19,60,17
86,20,19,60,17
87,20,19,60,17
88,20,19,60,17
89,21,19,60,17
90,21,19,60,17
91,22,20,60,17
92,22,20,60,17
93,22,20,60,17
94,22,20,60,17
95,22,20,60,17
96,22,20,60,17
97,22,20,60,17
98,22,20,60,17
99,22,20,60,17
100,23,20,60,17
1,2,2,2,2
2,2,2,2,2
3,2,2,2,2
4,2,2,2,2
5,2,2,2,2
6,3,2,3,2
7,4,2,5,2
8,6,2,5,2
9,7,2,5,2
10,7,2,5,2
11,7,2,6,2
12,7,2,6,2
13,9,2,6,2
14,10,2,8,2
15,10,2,10,2
16,12,2,10,2
17,14,3,11,2
18,14,4,11,2
19,14,4,12,2
20,15,4,13,2
21,15,4,15,2
22,17,4,17,2
23,18,4,19,2
24,20,4,21,2
25,20,4,21,2
26,21,4,22,2
27,22,5,22,2
28,23,6,23,2
29,24,6,25,2
30,24,6,27,2
31,26,6,29,2
32,27,6,29,2
33,27,6,30,2
34,29,6,31,3
35,30,6,31,3
36,31,6,32,3
37,33,6,32,4
38,35,6,33,4
39,36,6,34,4
40,38,6,35,4
41,40,6,36,4
42,41,6,37,5
43,43,7,37,5
44,45,7,39,5
45,45,7,39,5
46,47,7,40,5
47,49,7,42,5
48,51,7,43,5
49,52,7,44,6
50,54,7,45,6
51,56,7,45,6
52,58,7,45,6
53,59,7,45,6
54,60,7,45,6
55,61,7,45,6
56,61,7,46,7
57,61,7,48,8
58,62,8,50,8
59,63,8,52,8
60,63,8,53,8
61,63,8,53,8
62,63,8,54,8
63,63,8,54,8
64,63,9,54,8
65,63,9,55,8
66,63,9,56,8
67,63,9,57,8
68,63,9,57,9
69,63,9,57,10
70,63,9,59,11
71,63,9,59,11
72,63,9,59,11
73,63,9,59,11
74,63,9,59,11
75,63,10,59,11
76,63,10,59,11
77,63,10,59,11
78,63,10,59,11
79,63,10,59,11
80,63,11,59,11
81,63,11,59,11
82,63,12,59,11
83,63,12,59,11
84,63,12,59,11
85,63,12,59,11
86,63,12,59,12
87,63,13,59,12
88,63,13,59,12
89,63,13,59,12
90,63,13,59,12
91,63,13,59,12
92,63,13,59,12
93,63,13,59,12
94,63,13,59,13
95,63,13,59,13
96,63,13,59,13
97,63,14,59,13
98,63,14,59,13
99,63,15,59,13
100,63,15,59,13
1,2,2,2,2
2,2,2,2,2
3,2,2,2,2
4,3,3,3,2
5,4,4,4,2
6,6,6,6,2
7,6,6,6,2
8,6,6,6,2
9,7,7,7,2
10,9,9,9,2
11,11,9,11,2
12,12,10,12,2
13,12,12,12,2
14,14,14,14,2
15,16,16,16,2
16,18,18,18,2
17,20,19,18,2
18,21,19,19,2
19,23,21,20,2
20,24,23,20,3
21,25,25,21,3
22,25,26,21,3
23,26,27,23,3
24,28,28,25,3
25,29,28,27,4
26,29,28,29,4
27,30,29,30,4
28,30,29,30,4
29,31,30,31,4
30,31,31,31,5
31,32,32,31,5
32,32,32,32,5
33,32,33,32,5
34,33,33,32,6
35,33,34,33,6
36,33,36,34,6
37,34,38,34,6
38,35,39,34,6
39,37,40,34,6
40,38,42,34,6
41,39,42,34,6
42,40,43,35,6
43,41,45,36,6
44,42,46,37,6
45,43,46,37,6
46,44,47,37,7
47,45,49,37,7
48,45,50,39,7
49,47,51,39,7
50,49,52,39,7
51,51,52,41,7
52,52,53,42,7
53,54,53,42,7
54,55,53,42,7
55,56,53,42,8
56,56,53,42,8
57,56,53,42,8
58,57,53,42,8
59,57,53,42,9
60,57,53,44,9
61,57,53,44,10
62,57,53,46,10
63,57,53,46,10
64,57,53,46,10
65,57,53,47,10
66,57,53,47,10
67,57,53,47,10
68,57,53,48,10
69,57,53,48,11
70,57,53,48,11
71,57,53,48,11
1,2,2,2,2
2,2,2,2,2
3,2,2,2,2
4,2,2,3,2
5,2,2,3,2
6,2,3,3,2
7,2,4,4,2
8,3,4,5,2
9,3,4,6,2
10,3,4,7,2
11,3,4,9,2
12,3,4,9,2
13,3,4,9,2
14,3,4,10,2
15,3,4,11,2
16,3,4,11,2
17,3,5,13,2
18,3,5,13,2
19,3,5,13,2
20,3,5,14,2
21,3,5,14,2
22,3,5,15,2
23,3,5,17,3
24,3,5,17,3
25,3,5,18,3
26,3,5,18,3
27,3,5,20,3
28,4,5,20,3
29,4,5,21,3
30,4,6,23,3
31,4,6,25,3
32,4,6,25,3
33,4,6,25,3
34,4,6,25,3
35,4,6,25,3
36,4,6,27,3
37,4,6,29,3
38,4,6,30,4
39,4,6,31,4
40,4,6,31,4
41,4,6,31,4
42,4,6,32,4
43,4,6,32,4
44,4,6,33,4
45,5,6,35,5
46,5,6,36,5
47,5,6,36,5
48,5,6,36,5
49,5,6,36,5
50,5,6,36,5
51,5,6,36,5
52,5,6,36,5
53,5,6,37,6
54,5,6,39,6
55,5,6,41,6
56,5,6,41,6
57,5,6,42,6
58,5,6,42,6
59,5,6,42,6
60,5,6,43,6
61,5,6,43,6
62,5,6,44,6
63,5,6,44,6
64,5,6,45,6
65,5,6,46,6
66,5,6,46,6
67,5,6,46,6
68,5,6,46,6
69,6,6,46,6
70,6,6,46,6
71,6,6,46,6
72,6,6,46,6
73,6,7,46,7
74,6,7,46,7
75,6,7,46,7
76,6,7,47,7
77,6,7,48,7
78,6,8,49,7
79,6,8,50,7
80,6,8,50,7
81,6,8,51,7
82,6,8,52,8
83,6,8,53,8
84,6,8,53,8
85,6,8,53,9
86,6,8,53,10
87,6,8,54,10
88,7,8,54,10
89,7,8,55,10
90,7,8,55,10
91,7,8,55,10
92,7,8,55,11
93,7,8,56,11
94,7,8,56,12
95,7,8,56,12
96,8,8,57,12
97,9,8,57,12
98,9,8,57,12
99,9,8,57,12
100,10,8,57,12
1,2,2,2,2
2,2,2,2,2
3,2,2,2,2
4,2,3,2,2
5,2,3,2,2
6,2,3,3,2
7,2,3,4,2
8,2,3,5,3
9,2,4,6,3
10,2,5,8,3
11,2,5,10,3
12,2,5,11,3
13,2,5,11,3
14,2,5,12,3
15,2,5,12,3
16,3,6,13,3
17,3,6,13,3
18,3,7,14,3
19,3,7,14,3
20,3,7,15,3
21,3,8,16,3
22,3,8,16,3
23,3,8,17,3
24,3,9,18,3
25,3,10,19,3
26,3,10,19,4
27,3,10,20,4
28,3,10,21,4
29,3,11,21,4
30,3,11,22,4
31,3,11,22,4
32,3,11,22,4
33,3,13,22,4
34,3,13,22,4
35,3,14,23,4
36,3,14,23,4
37,3,14,23,4
38,3,14,25,4
39,3,15,27,4
40,3,15,27,4
41,3,15,28,4
42,3,15,28,4
43,3,15,29,4
44,3,15,30,4
45,3,15,30,4
46,3,15,30,4
47,3,15,30,4
48,3,15,31,4
49,3,16,32,4
50,5,16,33,4
51,6,16,34,4
52,6,16,34,4
53,6,16,34,4
54,6,16,35,4
55,6,16,36,4
56,6,16,36,4
57,6,16,37,4
58,6,17,38,4
59,6,17,38,4
60,6,17,38,4
61,8,17,38,4
62,8,17,38,4
63,8,17,38,4
64,8,17,38,4
65,8,17,38,4
66,8,17,39,4
67,8,18,39,4
68,8,18,39,4
69,8,18,39,4
70,8,18,39,4
71,8,18,39,4
72,8,18,39,4
73,8,18,39,4
74,9,18,40,4
75,10,18,40,4
76,10,18,40,4
77,10,19,41,4
78,10,20,41,4
79,10,20,41,4
80,10,20,41,4
81,10,20,42,4
82,10,20,42,4
83,10,20,42,4
84,10,20,42,4
85,10,20,42,4
86,10,20,43,4
87,10,20,43,4
88,10,20,43,4
89,10,20,43,4
90,10,20,43,4
91,10,20,43,4
92,11,20,43,4
93,11,20,43,4
94,11,20,43,4
95,12,20,43,4
96,12,20,43,4
97,12,20,43,4
98,12,20,43,4
99,13,20,43,4
100,13,20,43,4
1,2,2,2,2
2,2,2,2,2
3,2,2,3,3
4,2,2,3,3
5,2,2,3,3
6,2,2,4,3
7,2,2,5,3
8,2,2,5,3
9,2,2,5,3
10,2,2,6,3
11,2,2,6,3
12,3,2,6,3
13,3,2,6,3
14,4,2,6,3
15,4,2,7,3
16,4,2,7,3
17,4,2,7,3
18,4,2,8,3
19,4,2,9,3
20,4,2,9,3
21,4,2,11,3
22,4,2,12,3
23,5,2,12,3
24,5,2,12,3
25,5,2,14,3
26,5,3,15,3
27,5,3,15,3
28,5,3,15,3
29,5,4,16,3
30,5,4,18,3
31,5,4,19,3
32,5,4,20,3
33,5,4,21,3
34,5,4,22,3
35,5,5,23,3
36,5,5,25,3
37,5,5,25,3
38,5,5,26,3
39,5,5,26,3
40,5,5,26,3
41,5,5,27,3
42,5,5,28,3
43,5,5,28,3
44,5,5,28,3
45,5,6,29,3
46,5,6,29,3
47,5,6,29,3
48,5,6,30,3
49,5,7,30,3
50,5,7,31,3
51,5,7,32,3
52,5,7,33,3
53,5,7,33,3
54,5,7,34,3
55,5,7,35,3
56,5,7,37,3
57,5,7,39,3
58,6,7,40,3
59,6,7,40,3
60,6,7,40,3
61,6,7,40,3
62,6,7,40,3
63,6,7,41,3
64,6,7,41,3
65,6,7,41,3
66,6,7,41,3
67,6,7,42,3
68,6,7,42,3
69,6,7,42,3
70,6,7,42,3
71,6,7,42,4
72,6,7,42,4
73,6,7,42,4
74,6,7,42,4
75,6,8,42,4
76,6,9,42,4
77,6,9,43,4
78,6,9,43,4
79,6,9,43,4
80,6,9,43,4
81,6,10,43,4
82,6,10,43,4
83,6,10,44,5
84,6,10,45,5
85,6,11,45,5
86,7,11,45,5
87,7,11,45,5
88,7,11,45,5
89,7,12,45,5
90,8,12,45,5
91,8,12,46,5
92,8,12,47,5
93,8,12,47,5
94,8,12,47,6
95,8,12,47,6
96,8,12,47,6
97,8,12,48,6
98,8,12,48,6
99,8,12,48,6
100,8,14,48,6
1,2,2,2,2
2,2,2,2,2
3,3,2,3,3
4,3,2,3,3
5,3,2,3,3
6,3,2,3,3
7,3,3,5,4
8,3,3,6,4
9,3,3,6,4
10,3,3,7,4
11,4,3,8,4
12,4,3,8,4
13,4,3,10,4
14,5,3,11,4
15,7,3,12,4
16,7,3,13,4
17,7,3,15,4
18,7,3,16,4
19,7,3,18,5
20,7,3,18,5
21,7,3,19,5
22,7,3,19,6
23,7,3,19,6
24,8,3,20,6
25,8,3,20,6
26,8,3,21,6
27,8,3,23,6
28,8,3,25,8
29,8,3,27,8
30,8,3,28,8
31,8,3,29,9
32,8,3,29,9
33,8,3,29,10
34,9,3,29,10
35,9,3,30,10
36,9,3,30,10
37,9,3,31,10
38,9,3,32,10
39,9,3,33,10
40,9,3,35,10
41,9,3,37,10
42,9,3,38,10
43,9,3,39,10
44,9,3,40,10
45,9,3,42,10
46,9,3,42,10
47,9,4,42,10
48,9,4,42,10
49,9,4,42,10
50,9,4,42,10
51,9,4,42,10
52,9,4,43,10
53,9,4,44,10
54,9,4,44,10
55,10,4,44,10
56,10,4,44,10
57,10,4,44,10
58,10,4,44,10
59,11,4,44,10
60,12,4,44,10
61,12,4,44,10
62,12,4,44,10
63,12,4,44,10
64,12,4,44,10
65,12,4,44,10
66,12,4,44,10
67,12,4,44,10
68,12,4,44,10
69,12,4,44,10
70,12,4,44,10
71,12,4,44,10
72,12,4,44,10
73,12,5,45,10
74,12,6,45,10
75,12,6,45,11
76,12,6,45,11
77,12,6,45,11
78,12,6,47,11
79,12,6,48,11
80,12,6,48,11
81,12,6,49,11
82,12,6,49,11
83,13,6,49,11
84,13,6,49,11
85,13,6,49,11
86,13,6,49,12
87,13,6,50,12
88,13,6,50,13
89,13,6,50,13
90,14,6,50,14
91,14,7,50,14
92,14,7,50,15
93,14,7,50,15
94,15,7,50,15
95,15,7,50,16
96,15,7,50,16
97,15,7,51,17
98,15,7,51,17
99,15,7,51,17
100,15,7,51,17
1,2,2,2,2
2,2,2,2,2
3,2,2,2,2
4,2,2,4,3
5,2,2,4,3
6,2,2,4,3
7,2,2,4,3
8,3,2,4,4
9,3,3,5,4
10,3,4,6,4
11,3,4,6,4
12,3,4,8,4
13,3,4,9,4
14,3,4,9,4
15,3,4,9,4
16,3,4,10,4
17,3,4,11,4
18,3,4,12,4
19,3,4,13,4
20,3,4,13,4
21,3,4,14,5
22,3,4,16,5
23,3,4,18,5
24,3,5,19,5
25,3,5,19,5
26,3,5,20,5
27,3,5,20,5
28,3,5,21,5
29,4,5,23,5
30,4,5,25,5
31,4,5,26,5
32,4,5,26,5
33,4,5,27,5
34,4,5,29,5
35,4,5,30,5
36,4,5,30,5
37,4,5,31,5
38,4,5,32,5
39,4,5,33,5
40,5,5,34,5
41,5,5,34,5
42,5,5,34,5
43,5,5,35,5
44,5,5,37,5
45,5,5,39,5
46,5,5,41,5
47,5,5,41,5
48,5,5,41,6
49,5,5,42,7
50,5,5,42,7
51,5,5,43,7
52,5,6,44,7
53,6,6,44,7
54,6,6,45,7
55,6,6,45,7
56,6,6,45,7
57,6,7,45,7
58,6,7,45,7
59,6,7,46,7
60,6,7,47,7
61,6,7,47,7
62,6,7,47,7
63,6,7,47,7
64,6,7,47,7
65,6,7,47,8
66,6,7,47,9
67,6,7,47,10
68,6,7,47,10
69,6,7,47,10
70,6,7,48,10
71,6,8,49,10
72,6,8,49,10
73,6,8,49,10
74,6,8,50,10
75,6,8,50,10
76,6,8,51,10
77,6,8,51,11
78,6,8,51,11
79,6,8,51,11
80,7,8,51,11
81,7,8,52,11
82,8,8,52,11
83,8,8,52,11
84,8,8,52,11
85,8,8,52,11
86,8,8,52,11
87,8,8,52,11
88,8,9,52,11
89,8,9,52,11
90,8,9,52,11
91,8,9,52,11
92,8,9,52,11
93,8,9,52,12
94,8,10,52,12
95,8,11,52,12
96,8,11,52,12
97,8,11,52,12
98,8,11,52,12
99,8,11,52,12
100,8,11,52,12
1,2,2,2,2
2,2,2,2,2
3,3,2,2,3
4,3,2,2,3
5,3,2,3,3
6,3,3,3,3
7,3,4,4,3
8,3,4,4,3
9,3,4,5,4
10,3,4,6,4
11,3,4,7,4
12,3,4,8,4
13,3,4,8,5
14,3,5,8,5
15,3,5,9,5
16,3,5,10,5
17,4,5,11,5
18,5,5,12,5
19,5,5,13,5
20,5,5,15,5
21,5,5,16,5
22,5,5,16,5
23,5,5,18,5
24,5,5,20,5
25,5,5,21,6
26,5,5,22,6
27,6,5,23,6
28,6,5,25,6
29,6,5,26,6
30,6,5,27,6
31,6,5,27,6
32,6,6,27,6
33,6,7,28,6
34,6,7,30,6
35,7,7,31,8
36,7,7,31,8
37,7,7,32,8
38,7,7,32,8
39,7,8,32,8
40,7,9,33,9
41,7,9,34,9
42,7,9,36,10
43,7,9,36,11
44,7,9,36,11
45,7,9,36,11
46,7,9,37,11
47,7,9,38,11
48,7,9,39,11
49,7,10,40,11
50,7,10,42,11
51,7,10,44,11
52,7,10,45,11
53,7,10,45,11
54,7,10,46,11
55,7,10,46,11
56,7,10,46,11
57,7,11,47,11
58,8,11,47,11
59,8,11,47,11
60,9,11,47,11
61,9,11,47,11
62,11,11,48,11
63,11,11,48,11
64,11,11,49,11
65,11,11,49,11
66,11,12,49,11
67,12,12,50,11
68,12,13,50,11
69,12,13,51,11
70,12,13,51,11
71,12,13,52,11
72,12,13,52,11
73,12,14,52,11
74,12,14,54,11
75,12,14,56,11
76,14,14,56,11
77,14,14,56,11
78,14,14,56,11
79,14,14,56,11
80,14,14,56,11
81,14,14,56,11
82,14,14,56,11
83,14,14,56,11
84,14,14,56,11
85,14,14,56,11
86,14,14,56,11
87,14,14,56,11
88,14,15,56,11
89,15,16,56,11
90,15,16,56,11
91,15,16,57,11
92,15,16,57,11
93,17,16,58,11
94,17,16,59,11
95,17,16,59,11
96,17,17,59,11
97,17,18,59,11
98,17,19,59,12
99,17,19,59,12
100,17,20,59,12
1,2,2,2,2
2,2,2,2,2
3,2,2,2,2
4,2,2,2,2
5,3,2,3,2
6,3,3,4,2
7,3,3,4,2
8,3,3,4,2
9,3,3,4,2
10,3,3,4,2
11,3,3,4,2
12,3,3,4,2
13,3,3,5,2
14,3,3,6,2
15,3,3,7,2
16,3,4,9,2
17,3,4,9,2
18,3,5,11,2
19,3,5,11,2
20,3,5,11,2
21,3,5,11,2
22,3,5,12,2
23,3,5,14,2
24,3,5,15,2
25,3,5,15,2
26,3,5,17,2
27,3,5,19,2
28,3,5,19,2
29,3,5,20,3
30,3,5,22,3
31,3,5,23,3
32,3,5,23,3
33,3,5,25,3
34,3,5,25,3
35,3,5,25,3
36,3,5,25,3
37,3,6,26,3
38,3,6,27,3
39,3,6,27,3
40,3,8,28,3
41,3,8,28,3
42,3,8,28,3
43,3,9,30,3
44,3,9,32,3
45,3,10,33,3
46,3,11,33,3
47,3,11,33,3
48,4,12,33,3
49,4,12,34,3
50,4,12,35,3
51,4,12,35,3
52,4,12,35,3
53,4,12,35,3
54,4,12,36,3
55,4,12,38,3
56,4,12,38,3
57,4,12,38,3
58,4,12,39,3
59,4,12,40,3
60,4,13,42,3
61,5,14,42,4
62,5,14,42,4
63,5,15,42,4
64,5,15,43,4
65,5,15,43,4
66,5,16,43,4
67,5,16,43,4
68,5,16,43,4
69,5,16,43,5
70,5,16,43,5
71,5,16,43,5
72,5,18,44,6
73,5,18,44,6
74,5,19,44,6
75,5,19,44,6
76,5,19,44,6
77,5,19,44,6
78,6,19,44,6
79,7,20,44,6
80,7,20,44,6
81,8,20,44,7
82,8,20,45,7
83,8,20,46,7
84,9,20,46,7
85,9,20,46,7
86,9,20,46,8
87,9,20,46,8
88,9,20,46,9
89,9,20,46,9
90,9,20,46,9
91,9,20,48,9
92,9,20,49,9
93,9,20,50,9
94,9,21,50,9
95,9,21,50,9
96,9,21,50,9
97,9,21,50,9
98,9,21,50,9
99,9,21,50,9
100,9,21,50,9
1,2,2,2,2
2,2,2,2,2
3,2,2,2,2
4,3,2,3,3
5,3,2,3,3
6,3,2,3,3
7,3,2,3,3
8,3,2,3,3
9,3,2,3,3
10,3,2,3,3
11,4,2,4,3
12,4,2,5,3
13,5,2,7,3
14,5,2,7,3
15,5,2,7,3
16,5,2,8,3
17,5,2,9,3
18,5,3,9,3
19,5,3,11,3
20,5,3,13,4
21,6,3,15,4
22,6,3,16,4
23,6,3,16,5
24,6,3,18,5
25,6,3,19,5
26,6,3,20,5
27,6,3,20,6
28,7,3,20,7
29,7,3,21,7
30,8,3,23,7
31,8,3,25,7
32,8,3,27,7
33,8,3,27,8
34,8,3,27,8
35,8,3,29,9
36,8,3,31,9
37,8,3,32,9
38,8,3,34,10
39,8,3,35,10
40,8,3,37,10
41,9,3,38,11
42,9,3,39,11
43,9,4,39,11
44,10,5,39,11
45,10,5,40,11
46,10,5,41,11
47,10,5,41,11
48,10,6,42,11
49,10,6,42,12
50,10,6,42,12
51,10,6,42,12
52,10,6,43,12
53,10,6,45,12
54,10,6,45,12
55,11,6,45,12
56,11,6,46,12
57,11,6,47,12
58,11,6,48,12
59,12,6,50,12
60,12,6,50,12
61,12,6,50,12
62,12,7,51,12
63,12,7,52,12
64,12,7,53,12
65,12,7,55,12
66,12,7,55,12
67,12,8,55,13
68,12,8,55,13
69,12,9,55,13
70,12,9,55,13
71,12,9,55,13
72,12,9,55,13
73,12,9,55,13
74,12,10,57,13
75,12,10,58,13
76,12,10,58,13
77,13,10,58,13
78,13,10,58,13
79,13,11,58,13
80,13,11,58,13
81,13,11,58,13
82,13,13,58,13
83,13,13,58,13
84,13,13,58,13
85,13,14,58,13
86,13,14,58,13
87,13,15,58,13
88,13,15,59,13
89,13,15,59,13
90,13,15,59,13
91,14,15,59,13
92,15,15,60,13
93,16,15,61,13
94,16,15,62,13
95,16,16,62,13
96,16,16,62,13
97,16,16,62,13
98,16,16,62,13
99,16,16,62,13
100,16,16,62,13
1,2,2,2,2
2,2,2,2,2
3,2,2,2,2
4,2,2,2,2
5,2,3,3,2
6,2,3,3,2
7,2,4,5,2
8,2,4,6,2
9,2,4,6,2
10,2,4,6,2
11,2,4,7,3
12,2,4,9,3
13,3,4,9,3
14,3,4,11,3
15,3,4,11,3
16,3,4,12,3
17,3,4,13,3
18,3,4,14,3
19,3,5,14,3
20,4,7,16,3
21,4,7,18,3
22,4,7,19,3
23,4,9,21,3
24,5,9,23,3
25,6,9,24,3
26,6,9,24,3
27,6,9,25,3
28,6,10,25,3
29,6,10,26,4
30,6,11,26,4
31,7,11,26,4
32,7,12,26,4
33,7,12,26,4
34,7,12,28,4
35,7,12,28,4
36,7,12,29,5
37,7,12,30,5
38,8,12,30,5
39,9,12,30,5
40,10,12,30,5
41,10,12,30,5
42,10,12,31,5
43,10,12,33,5
44,10,12,33,5
45,10,12,33,5
46,10,12,35,6
47,10,12,35,6
48,10,12,36,6
49,10,12,36,6
50,10,12,36,6
51,10,12,38,6
52,10,13,39,7
53,10,13,39,8
54,10,13,40,9
55,10,13,40,9
56,10,13,40,9
57,10,13,41,9
58,10,13,41,9
59,10,13,41,9
60,10,13,42,9
61,10,13,43,9
62,10,13,43,9
63,10,13,43,9
64,10,14,43,9
65,10,14,43,9
66,11,15,43,9
67,11,16,43,9
68,11,16,43,9
69,11,16,43,9
70,11,16,44,9
71,11,16,44,9
72,12,16,45,9
73,12,16,46,9
74,12,16,47,9
75,12,16,47,10
76,12,16,48,10
77,13,16,48,10
78,13,16,48,10
79,13,16,49,10
80,13,16,49,10
81,13,16,49,10
82,13,16,49,10
83,13,16,49,10
84,13,16,49,10
85,14,16,49,10
86,14,17,49,11
87,14,17,49,12
88,14,17,49,12
89,14,18,49,12
90,15,18,49,12
91,15,18,49,12
92,15,18,50,12
93,15,18,50,12
94,15,18,50,13
95,15,18,50,13
96,15,18,50,13
97,15,18,50,13
98,15,18,50,13
99,15,18,50,13
100,16,18,50,13
1,2,2,2,2
2,2,2,2,2
3,4,2,2,4
4,6,2,4,5
5,7,3,6,6
6,7,4,6,7
7,8,5,7,7
8,8,5,7,7
9,8,5,8,7
10,8,5,8,7
11,8,5,8,7
12,8,5,8,7
13,8,5,8,7
14,8,5,8,7
15,8,5,9,7
16,8,5,9,7
17,9,5,10,7
18,11,5,11,7
19,11,5,11,7
20,12,5,11,8
21,13,6,11,8
22,13,6,11,8
23,15,7,13,8
24,17,7,15,8
25,18,7,15,8
26,18,7,16,8
27,20,7,18,8
28,20,7,19,8
29,22,7,20,8
30,22,7,21,8
31,23,7,23,8
32,25,7,24,8
33,27,7,25,8
34,28,7,27,8
35,30,7,29,8
36,32,7,31,8
37,33,7,31,8
38,34,7,31,8
39,36,7,32,8
40,37,7,32,8
41,38,7,33,8
42,39,8,34,8
43,40,9,35,8
44,40,10,35,8
45,41,10,36,8
46,42,11,38,8
47,43,11,38,8
48,45,11,40,8
49,45,11,41,8
50,46,12,41,8
51,46,12,41,8
52,48,12,41,8
53,49,12,42,8
54,49,13,42,8
55,49,13,43,8
56,49,13,44,8
57,50,13,44,8
58,50,14,44,8
59,50,14,45,8
60,50,14,45,8
61,50,14,45,8
62,50,15,45,8
63,50,15,45,8
64,50,15,45,8
65,50,15,45,8
66,50,15,45,8
67,50,15,45,8
68,50,15,45,8
69,50,15,45,8
70,50,15,45,8
71,50,15,45,8
72,50,15,45,8
73,50,15,45,8
74,50,15,47,8
75,50,15,48,8
76,50,15,48,8
77,50,16,48,8
78,50,16,48,8
79,50,16,48,8
80,50,16,48,8
81,50,17,48,8
82,50,17,48,8
83,50,17,48,8
84,50,17,48,8
85,50,17,48,8
86,50,17,48,8
87,50,17,48,8
88,50,17,48,8
89,50,17,48,8
90,50,17,48,8
91,50,17,48,8
92,50,17,48,8
93,50,17,48,8
94,50,17,48,8
95,50,17,48,9
96,50,17,48,10
97,50,17,48,11
98,50,17,48,11
99,50,17,48,11
100,50,17,49,11
1,1,1
2,1,1
3,1,2
4,2,3
5,3,4
6,4,5
7,5,5
8,6,6
9,7,6
10,7,7
11,7,7
12,8,8
13,9,8
14,9,9
15,10,10
16,10,11
17,11,12
18,12,13
19,12,14
20,13,15
21,14,16
22,15,17
23,16,18
24,17,18
1,1,1
2,1,1
3,2,1
4,2,2
5,3,3
25,18,19
26,19,20
27,20,21
28,21,22
29,22,23
30,23,24
31,24,25
32,25,26
33,26,27
34,27,28
35,28,28
1,2,2,2,2
2,2,2,2,2
3,2,2,2,2
4,2,2,2,2
5,4,4,4,2
6,4,4,4,2
7,5,5,5,2
8,6,6,6,2
9,6,6,6,2
10,7,7,6,2
1,2,2,2,2
2,2,2,2,2
3,2,2,2,2
4,2,2,2,2
5,2,2,2,2
6,2,2,2,2
7,2,2,2,2
8,2,2,2,2
9,2,2,2,2
10,3,2,2,2
11,3,2,2,2
12,3,2,2,2
13,3,2,2,2
14,4,2,2,2
15,4,2,2,2
1,2,2,2,2
2,2,2,2,2
3,4,4,3,4
4,5,5,4,5
5,5,5,4,5
6,5,5,5,5
7,5,5,5,5
8,5,5,5,5
9,5,5,5,5
10,5,5,5,5
11,5,5,5,5
12,6,5,5,5
13,6,5,5,5
14,6,5,6,5
15,7,5,6,5
1,2,2,2,2
2,2,2,2,2
3,2,2,2,2
4,2,2,2,2
5,2,2,2,2
6,2,2,2,2
7,3,2,3,2
8,3,2,3,2
9,3,2,3,2
10,4,2,4,2
11,5,2,4,2
12,6,2,4,2
13,6,2,4,2
14,7,2,5,2
15,7,2,5,2
1,2,2,2,2
2,2,2,2,2
3,2,2,2,2
4,4,4,4,2
5,4,4,4,2
6,5,5,5,2
7,5,5,5,2
8,5,5,5,4
9,5,5,5,4
10,5,5,5,4
11,5,5,5,4
12,5,5,5,4
13,5,5,5,4
14,5,5,5,4
15,5,5,5,5
1,2,2,2,2
2,2,2,2,2
3,3,3,3,2
4,3,3,3,2
5,3,3,3,2
6,3,3,3,2
7,3,3,3,2
8,3,4,4,2
9,3,4,4,2
10,3,4,4,2
11,3,4,4,3
12,3,4,5,3
13,3,4,5,3
14,4,4,5,3
15,4,4,5,3
1,2,2,2,2
2,2,2,2,2
3,2,2,2,2
4,2,2,2,2
5,2,2,2,2
6,3,3,3,2
7,3,3,3,2
8,3,3,3,2
9,3,3,3,2
10,4,4,4,2
11,4,4,4,2
12,4,4,4,3
13,4,4,4,3
14,4,4,4,3
15,4,4,4,3
1,2,2,2,2
2,2,2,2,2
3,2,2,2,2
4,2,2,2,2
5,2,2,2,2
6,2,2,2,2
7,2,2,2,2
8,2,2,2,2
9,2,2,2,2
10,2,2,2,2
11,2,2,2,2
12,3,2,3,2
13,3,2,3,2
14,4,2,4,2
15,4,2,4,2
1,2,2,2,2
2,2,2,2,2
3,2,2,2,2
4,2,2,2,2
5,2,2,2,2
6,2,2,2,2
7,3,2,2,2
8,3,2,2,2
9,3,2,2,2
10,3,2,3,2
11,3,2,3,2
12,4,2,3,2
13,4,2,3,2
14,4,2,4,2
15,4,2,4,2
1,2,2,2,2
2,2,2,2,2
3,2,2,2,2
4,3,3,3,3
5,3,3,3,3
6,3,3,3,3
7,3,3,3,3
8,3,3,3,3
9,3,3,3,3
10,3,3,3,3
11,3,3,3,3
12,3,3,3,3
13,4,3,3,3
14,4,3,4,3
15,4,3,4,3
1,2,2,2,2
2,2,2,2,2
3,2,2,2,2
4,2,2,2,2
5,2,2,2,2
6,3,3,3,2
7,4,3,4,2
8,4,3,4,2
9,5,4,5,2
10,5,4,5,2
11,5,5,5,3
12,5,5,5,3
13,5,5,5,3
14,6,6,5,3
15,7,6,5,3
1,2,2,2,2
2,2,2,2,2
3,3,3,3,3
4,3,3,3,3
5,3,3,3,3
6,3,3,3,3
7,3,3,3,3
8,3,3,3,3
9,3,3,3,3
10,3,3,3,3
11,3,3,3,3
12,3,3,4,3
13,3,3,4,4
14,3,3,4,4
15,3,3,4,4
1,2,2,2,2
2,2,2,2,2
3,2,2,2,2
4,2,2,2,2
5,2,2,2,2
6,2,3,3,2
7,2,3,3,2
8,2,3,3,2
9,2,3,3,2
10,2,3,3,2
11,2,3,3,2
12,2,3,4,2
13,2,3,4,2
14,2,3,4,2
15,2,3,4,2
1,2,2,2,2
2,2,2,2,2
3,2,2,2,2
4,2,2,2,2
5,2,2,2,2
6,2,2,2,2
7,2,2,2,2
8,2,2,2,2
9,2,2,2,2
10,2,2,2,2
11,2,2,2,2
12,2,2,2,2
13,2,2,2,2
14,2,2,2,2
15,2,2,2,2
1,2,2,2,2
2,2,2,2,2
3,2,2,2,2
4,2,2,2,2
5,2,3,3,2
6,2,3,3,2
7,2,3,3,2
8,2,3,3,2
9,2,4,3,2
10,2,4,4,2
11,2,4,4,2
12,2,4,4,2
13,2,4,4,3
14,2,4,5,3
15,2,4,5,3
1,2,2,2,2
2,2,2,2,2
3,2,2,2,2
4,2,2,2,2
5,2,2,2,2
6,2,3,3,2
7,2,3,4,2
8,2,3,4,2
9,2,4,4,2
10,2,4,4,2
11,2,4,4,2
12,2,4,4,2
13,2,4,4,2
14,2,4,4,2
15,2,4,4,2
1,2,2,2,2
2,2,2,2,2
3,2,2,2,2
4,2,2,2,3
5,2,2,2,3
6,2,2,3,3
7,2,2,3,3
8,2,2,3,3
9,2,2,3,3
10,2,2,3,3
11,2,2,3,3
12,2,2,3,3
13,2,2,3,3
14,2,2,3,3
15,2,2,3,3
1,2,2,2,2
2,2,2,2,2
3,2,2,2,2
4,2,2,2,2
5,2,2,2,2
6,2,2,2,2
7,2,2,2,2
8,2,2,2,2
9,2,2,2,2
10,2,2,2,2
11,2,2,2,2
12,2,2,2,2
13,2,2,2,2
14,2,2,2,2
15,2,2,2,2
1,2,2,2,2
2,2,2,2,2
3,2,2,2,2
4,2,2,2,2
5,2,2,2,2
6,2,2,3,2
7,2,2,3,2
8,2,2,3,2
9,2,2,4,2
10,2,2,4,2
11,2,2,4,2
12,2,2,5,2
13,2,2,5,2
14,2,2,5,2
15,2,2,5,2
1,2,2,2,2
2,2,2,2,2
3,2,2,2,2
4,2,3,3,3
5,2,3,3,3
6,2,3,3,3
7,2,3,3,3
8,2,3,3,3
9,2,3,3,3
10,2,3,4,3
11,2,3,4,3
12,2,3,4,3
13,2,3,4,3
14,2,3,4,3
15,2,3,4,3
1,2,2,2,2
2,2,2,2,2
3,2,2,2,2
4,2,2,2,2
5,2,2,2,2
6,2,2,2,2
7,2,3,3,2
8,2,3,3,2
9,2,3,3,2
10,2,3,3,2
11,2,3,3,2
12,2,3,3,2
13,2,3,3,2
14,2,3,3,2
15,2,3,3,2
